dateTime,QCFS,SS_mgL,TP_mgL,SRP_mgL,NO23_mgL,TKN_mgL,Cl_mgL,Sulfate_mgL,Silica_mgL
1/8/18 12:00,0.4,9.1,0.1038,0.011,1.28,0.879,103.9,151.8,1.57
1/15/18 14:20,90.1,16.337,0.1102,0.055,7.46,0.746,34.2,58.5,7.3
1/22/18 13:15,39.5,21.261,0.1086,0.06,4.55,0.761,41.6,68.1,6.34
1/29/18 13:23,70.2,14.483,0.0726,0.036,7.26,0.76,32.2,67.4,6.97
2/5/18 13:45,22.9,5.9406,0.0565,0.027,5.53,0.582,40.6,82.1,4.99
2/12/18 13:13,8.67,6.9686,0.077,0.044,3.99,0.574,52,88.4,3.29
2/19/18 13:32,302,200.4,0.3816,0.045,7.23,1.728,26.3,44.4,6.3
2/26/18 13:15,496,80.4,0.39,0.065,5,1.692,15,24.2,7.07
3/5/18 13:11,165,40.943,0.1515,0.036,5.25,1.108,21.4,42.8,7.07
3/12/18 13:05,33.7,22.029,0.0915,0.034,4.99,0.639,29.3,63.8,5.95
3/19/18 9:20,20.2,9.1027,0.047,0.009,4.53,0.491,33.2,71.8,4.04
3/26/18 9:30,9.35,9.894,0.0349,0.008,2.31,0.589,34.9,89,5.41
4/2/18 9:25,120,36.036,0.1343,0.034,6.6,0.866,21.3,46.4,6.75
4/9/18 9:20,62.8,16.096,0.07,0.008,6.29,0.628,26,63,5.72
4/16/18 9:40,1090,103.15,0.5413,0.068,5.81,4.292,9.5,16.3,6.39
4/23/18 12:20,60.1,9.2264,0.0439,0.01,5.04,0.642,26.7,58.6,3.24
4/30/18 10:30,30.2,7.2415,0.026,0,3.62,0.533,32,64.4,0.5
4/30/18 12:00,30.2,8.6264,0.0279,0.004,3.24,0.698,30.8,62.6,0.4
5/1/18 12:00,27.4,10.183,0.0307,0.004,3.08,0.712,32,64.2,0.36
5/2/18 12:00,27.4,10.06,0.0365,0.004,2.9,0.735,32.2,64.2,0.26
5/3/18 4:00,41.4,279.29,0.3689,0.034,3.77,2.274,26.9,52.3,1.73
5/3/18 12:00,472,478.06,0.8585,0.108,6.16,4.214,17.5,26.2,5.16
5/3/18 20:00,639,226.16,0.6417,0.113,6.48,3.149,14.9,20,6.82
5/4/18 4:00,583,133.2,0.4681,0.081,7.09,2.469,16.9,23.6,7.41
5/4/18 12:00,478,127.76,0.3642,0.059,7.36,2.031,15.6,26.8,7.43
5/4/18 20:00,352,84.051,0.2793,0.053,7.62,1.392,17,29.7,7.73
5/5/18 4:00,238,67.226,0.2018,0.038,7.7,1.145,18.3,32.6,7.82
5/5/18 12:00,169,47.457,0.146,0.036,7.59,2.877,19.5,35.6,7.43
5/6/18 12:00,89.3,24.771,0.0791,0.02,6.64,0.827,22.2,43.1,5.86
5/7/18 4:00,70.4,22.04,0.0619,0.015,6.02,0.787,23.6,46.8,4.24
5/7/18 9:43,65.8,16.512,0.0578,0.008,5.91,0.798,24.2,48.6,3.84
5/7/18 12:00,64.2,20.57,0.057,0.004,5.14,0.625,24.3,54.1,3.48
5/8/18 12:00,49.6,16.005,0.045,0.006,4.91,0.631,25.5,60.2,1.61
5/9/18 12:00,43.5,14.295,0.042,0.004,4.22,0.655,26,61.2,0.85
5/10/18 12:00,43.5,13.898,0.048,0.004,3.69,0.707,26.4,62.4,0.74
5/11/18 12:00,36.5,13.058,0.054,0.002,2.95,0.757,27.3,63.3,0.57
5/12/18 12:00,32,7.7419,0.048,0.003,2.83,0.636,28.4,64.8,0.61
5/13/18 12:00,48.7,59.986,0.282,0.135,4.27,1.359,26.8,58.3,1.65
5/13/18 20:00,68.6,88.631,0.28,0.082,5.47,1.243,22.5,49.9,3.27
5/14/18 4:00,58,59.5,0.184,0.04,6.99,1.067,23.3,46.1,4.41
5/14/18 9:53,51.6,42.317,0.145,0.052,6.92,0.94,24.4,48.5,4.62
5/14/18 12:00,51.6,73.8,0.176,0.033,6.59,0.82,23.2,41.7,4.66
5/14/18 20:00,95.2,82.2,0.2368,0.054,6.78,1.002,23.2,40.7,4.96
5/15/18 4:00,158,164.7,0.3405,0.038,7.9,0.719,21.8,36.8,5.68
5/15/18 12:00,407,378.9,0.7742,0.067,7.8,0.551,15,23.2,6.21
5/15/18 20:00,338,175.8,0.4925,0.068,8.44,0.441,16.3,26.2,6.86
5/16/18 4:00,226,87.9,0.2942,0.044,8.12,0.304,18.2,30.5,7.08
5/16/18 12:00,159,69.3,0.2061,0.036,7.85,1.209,20.4,34.8,6.87
5/17/18 12:00,78.1,35.1,0.1103,0.026,7.13,0.927,22.8,40.7,6.05
5/18/18 12:00,55,20.3,0.0806,0.02,6.07,0.779,25.1,45.3,3.87
5/19/18 12:00,46.2,20.1,0.0696,0.014,5.35,0.637,26.3,48.5,2.74
5/19/18 20:00,61.6,200.4,0.2738,0.015,6.07,0.545,23.2,43.1,3.02
5/20/18 4:00,123,143.8,0.3373,0.057,6.35,0.595,20.4,36.7,4.81
5/20/18 12:00,107,91.3,0.223,0.034,7,1.396,20.4,34.2,5.47
5/20/18 20:00,92.3,65.5,0.1756,0.027,6.57,1.191,22.5,37.2,5.08
5/21/18 4:00,87.1,52.5,0.1346,0.02,5.97,0.856,24.3,40.9,4.2
5/21/18 8:51,79.6,37.4,0.1168,0.032,6.49,0.779,25,41.6,4.33
5/21/18 12:00,74.7,42.961,0.12,0.02,6.66,1.021,25.2,42.8,4.59
5/22/18 12:00,52.7,28.683,0.093,0.023,6.65,1.052,24.1,42.8,5.03
5/23/18 12:00,66.8,29.653,0.093,0.021,5.38,0.787,24.7,45.5,3.42
5/23/18 20:00,141,310.63,0.583,0.051,7.79,2.265,16.1,31.9,5.67
5/24/18 4:00,115,187.27,0.439,0.066,9.68,1.65,16.4,28.6,6.75
5/25/18 12:00,51.3,21.761,0.156,0.049,7.55,1.159,20.6,39,6.57
5/26/18 12:00,39.9,31.767,0.122,0.031,6.07,0.838,22.7,43.3,5.52
5/27/18 12:00,39.1,30.666,0.122,0.041,5.02,0.929,24.6,47.9,4.7
5/28/18 4:00,77.8,130.34,0.376,0.114,9.28,1.97,16.1,29.1,6.63
5/28/18 9:25,68.2,88.073,0.33,0.106,8.85,1.648,16.4,30.1,6.84
5/28/18 12:00,62.8,90.487,0.298,0.093,8.71,1.77,17.5,31.4,6.93
5/29/18 12:00,36.8,40.54,0.184,0.075,7.17,1.342,20.8,35.5,7.18
5/30/18 12:00,28.7,27.796,0.153,0.076,5.79,0.976,23.1,41.4,6.92
5/31/18 12:00,27.3,19.379,0.148,0.075,4.43,1.028,24.6,44.3,6.43
6/1/18 12:00,25.2,22.103,0.151,0.077,3.34,0.947,25.7,46.5,6.1
6/1/18 20:00,51,83.168,0.244,0.08,3.78,1.245,24.6,43.8,6.22
6/2/18 4:00,138,133.45,0.367,0.112,11.11,3.255,17.5,27.6,7.6
6/2/18 12:00,123,83.498,0.261,0.074,10.85,2.614,19.5,30.5,8.01
6/2/18 20:00,97.3,66.508,0.208,0.065,9.68,1.659,19.6,31.3,8
6/3/18 12:00,90.9,53.771,0.181,0.066,8.78,1.689,19.6,33.9,7.94
6/4/18 4:00,60.4,39.791,0.19,0.086,10.38,1.895,18.3,29.9,8.69
6/4/18 13:15,49.6,38.385,0.173,0.082,9.72,1.501,19.3,31.4,8.82
6/4/18 20:00,43.5,40.902,0.171,0.069,9.47,1.222,20.4,34.6,8.22
6/5/18 20:00,30.6,29.696,0.127,0.058,7.51,0.839,22.6,39.9,7.53
6/11/18 11:43,474,74.148,0.256,0.068,15.76,1.856,15.8,26.1,9.68
6/18/18 20:00,33.2,23.2,0.1194,0.05,5.73,0.722,23.2,101.5,7.55
6/19/18 20:00,27.4,11.3,0.0954,0.047,4.79,0.592,24.3,104.8,7.24
6/20/18 20:00,26,8.4,0.0927,0.037,3.95,0.688,25,107.4,6.85
6/21/18 20:00,21.9,11.5,0.09,0.04,3.35,0.659,26.1,109.2,6.53
6/22/18 12:00,36.8,1234.9,1.1311,0.047,3.14,3.222,16.1,70.8,4.6
6/22/18 20:00,81,171.6,0.3092,0.054,10.2,2.492,18.2,72.9,7.66
6/23/18 4:00,101,74.1,0.2171,0.068,11.05,1.956,18.8,75.6,8.64
6/23/18 12:00,289,107.5,0.2484,0.042,9.46,2.173,21.9,83.6,7.77
6/23/18 20:00,367,99.3,0.3161,0.09,11.14,1.896,14,53.8,8.97
6/24/18 20:00,178,56.8,0.2212,0.067,9.99,1.507,15.3,62.9,9.92
6/25/18 12:00,92.8,49.1,0.1815,0.072,8.72,1.17,16.7,70.1,10.18
6/25/18 13:10,88.5,42.4,0.1712,0.074,8.79,1.139,16.9,70.5,10.28
6/25/18 20:00,70.4,50.2,0.175,0.04,8.14,1.107,16.8,31,10.04
6/26/18 20:00,42.1,26.8,0.132,0.031,6.9,0.906,19.1,35.1,9.69
6/27/18 20:00,36.7,21.7,0.116,0.04,5.86,0.91,20.8,38,8.5
6/28/18 12:00,153,106.9,0.291,0.073,6.07,1.245,17,28.7,8.12
6/28/18 20:00,160,91.3,0.291,0.067,6.18,1.111,14.6,23.2,8.53
6/29/18 4:00,117,64.1,0.26,0.066,5.98,0.998,13.6,23.1,9.18
6/29/18 12:00,85.1,49.4,0.238,0.064,5.83,1.234,13.6,23.3,9.38
6/29/18 20:00,65,56.3,0.22,0.076,5.76,1.125,14.8,25.6,9.4
6/30/18 20:00,35.9,24.9,0.165,0.08,5.15,0.928,17.6,31,9.52
7/1/18 20:00,24.6,15.5,0.14,0.072,4.27,0.833,19.6,34.7,8.88
7/2/18 12:00,19.5,12.3,0.133,0.079,3.8,0.777,20.6,36.8,8.52
7/2/18 13:45,19.5,10.2,0.131,0.076,3.83,0.74,20.9,37.2,9.12
7/3/18 20:00,14.1,10.443,0.118,0.072,3,0.785,22.6,40.7,8.11
7/4/18 20:00,11,4.5336,0.115,0.075,2.38,0.716,24.1,42.3,7.45
7/5/18 20:00,8.34,0.68121,0.099,0.065,1.79,0.641,25.2,41.9,6.77
7/6/18 20:00,6.53,4.8611,0.109,0.063,1.28,0.753,25.8,42.6,6.51
7/7/18 20:00,4.99,8.3974,0.09,0.049,1.06,0.72,26,42,5.57
7/8/18 20:00,3.99,5.6939,0.076,0.04,0.84,0.674,26.7,42.5,4.86
7/9/18 12:00,3.68,4,0.075,0.036,0.64,0.696,27.5,42.5,4.2
7/9/18 13:02,3.68,5.4644,0.072,0.037,0.73,0.68,27.8,42.6,4.19
7/9/18 20:00,3.39,7.8236,0.0641,0.024,0.46,0.671,29.6,43,4
7/10/18 20:00,2.86,6.7195,0.0563,0.021,0.33,0.67,27.8,42.1,3.91
7/11/18 20:00,8.84,9.453,0.0937,0.052,0.31,0.833,27.5,42.3,4.34
7/12/18 20:00,5.73,7.6093,0.1059,0.062,2.18,0.857,24.6,39.5,5.67
7/13/18 20:00,4.31,7.5967,0.0782,0.035,1.5,0.796,25.9,38,4.55
7/14/18 20:00,2.86,5.4982,0.0676,0.029,0.93,0.735,25.4,38.4,3.61
7/15/18 20:00,2.14,3.2873,0.0608,0.024,0.61,0.81,25.5,38.1,2.81
7/16/18 9:50,1.73,6.0852,0.0615,0.015,0.46,0.816,26.7,39,2.4
7/16/18 12:00,1.73,9,0.084,0.014,0.59,0.912,26.1,36.9,2.34
7/17/18 12:00,1.93,6.8,0.064,0.016,0.47,0.808,25.9,37.2,1.96
7/18/18 12:00,1.21,8.1,0.059,0.01,0.25,0.828,26.1,36.9,1.45
7/19/18 12:00,0.92,7.2,0.059,0.004,0.19,0.823,26.1,37.1,1.2
7/20/18 12:00,0.92,5.5,0.061,0.005,0.15,0.812,26.1,36.9,1.03
7/21/18 12:00,1.21,6.2,0.063,0.007,0.15,0.755,26,36.5,1.09
7/22/18 12:00,2.37,11.6,0.083,0.014,0.64,0.786,24.7,39.3,1.58
7/23/18 12:00,1.93,6.6,0.06,0.005,0.15,0.691,25.6,35.8,1.32
7/23/18 14:05,1.93,6.4,0.069,0.006,0.15,0.745,26.2,36.5,1.4
7/23/18 20:00,1.93,2.7913,0.062,0.008,0.01,0.739,25.9,36.7,1.45
7/24/18 12:00,2.37,7.9734,0.063,0.004,0,0.687,26,36.1,1.41
7/25/18 12:00,1.73,9.9601,0.063,0.009,0.04,0.804,25.1,36.2,1.34
7/26/18 12:00,1.37,10.589,0.076,0.014,0.01,0.786,25,35.1,1.42
7/27/18 12:00,1.06,19.151,0.09,0.015,0.01,0.853,24.7,34.7,1.43
7/28/18 12:00,0.92,24.074,0.099,0.015,0.01,0.818,24.7,34.6,1.32
7/29/18 12:00,0.8,15.807,0.119,0.012,0,0.957,25,34.9,1.24
7/30/18 4:00,0.68,12.536,0.076,0.009,0,0.799,25.4,35.2,1.24
7/30/18 13:05,0.68,12.096,0.077,0.008,0,0.76,25.6,35.6,1.35
7/30/18 20:00,0.8,21.7,0.1012,0.012,0,0.896,25.1,39.6,1.22
7/31/18 20:00,0.92,26.9,0.1612,0.023,0,1.344,25,39.5,1.28
8/1/18 20:00,1.37,18.9,0.1651,0.039,0.72,1.298,21,49.4,1.71
8/2/18 20:00,1.93,13.1,0.1373,0.02,0.05,1.241,22.7,41.6,1.41
8/3/18 20:00,2.61,5,0.0745,0.009,0,0.898,27.6,37.2,1.17
8/4/18 20:00,1.73,7.6,0.0815,0.009,0,0.891,28,34.4,0.99
8/5/18 20:00,1.37,8.5,0.0905,0.005,0,0.894,27.1,33.9,1.15
8/6/18 12:00,1.21,10.511,0.09,0.018,0.16,0.97,27.1,28.5,1.26
8/6/18 12:32,1.21,4.7,0.052,0.004,0,0.682,27.2,34.1,1.24
8/7/18 12:00,1.54,9.4915,0.082,0.018,0.23,0.872,25.7,29,1.44
8/8/18 12:00,5.73,9.6818,0.071,0.014,0.15,0.747,25.6,25.9,1.73
8/9/18 12:00,4.99,8.7848,0.085,0.027,0.15,0.704,25.2,20.6,2.57
8/10/18 12:00,14.1,19.647,0.124,0.038,0.36,0.731,48.7,51.8,4.57
8/10/18 20:00,38.2,98.712,0.224,0.058,0.87,0.98,46.7,50.9,4.03
8/11/18 4:00,31.5,70.312,0.318,0.145,1.94,0.953,29.3,34.1,5.79
8/11/18 12:00,20.2,35.175,0.303,0.22,2.43,0.76,30,36.4,7.54
8/11/18 20:00,14.1,30,0.224,0.123,2.8,0.901,32,39,8.05
8/12/18 4:00,10.4,22.887,0.176,0.094,2.41,0.842,35.1,42.9,7.75
8/12/18 12:00,11,39.501,0.19,0.078,2.18,0.901,35.3,42,7.53
8/12/18 20:00,14.1,23.376,0.17,0.075,2.04,0.724,37.8,42.5,8.18
8/13/18 12:00,9.88,21.408,0.15,0.075,2.09,0.872,35.2,45.3,8.36
8/13/18 13:10,9.88,32.567,0.162,0.075,2.13,0.951,35.9,46.3,8.6
8/21/18 12:00,18.8,57.142,0.2026,0.07,0.81,1.006,45.6,47.8,8.27
8/21/18 20:00,29.3,59.288,0.3026,0.135,0.95,1.296,28.5,35.4,9.06
8/22/18 4:00,76,71.588,0.2459,0.084,0.81,1.073,40.2,49.2,9.05
8/22/18 12:00,103,87.272,0.3832,0.159,1.78,1.359,31.9,32.6,9.38
8/22/18 20:00,94.6,78.475,0.3409,0.194,3.06,1.473,29.6,38.5,10.59
8/23/18 4:00,76,52.272,0.2945,0.129,4.31,1.297,32.3,42.6,10.68
8/23/18 12:00,59.7,52.631,0.2883,0.198,4.92,1.33,33.8,47,11.26
8/24/18 12:00,29.3,40.748,0.2262,0.114,4.49,1.463,33.7,49.3,11.8
8/25/18 12:00,19.5,51.094,0.2333,0.104,3.69,1.345,31.9,50,10.88
8/25/18 20:00,28.6,59.171,0.234,0.101,3.53,1.06,32.3,52.2,10.73
8/26/18 4:00,29.3,54.852,0.3164,0.16,2.76,1.07,28,45,10.72
8/26/18 12:00,42.9,54.158,0.2336,0.104,2.26,1.083,33.8,52.1,10.62
8/27/18 4:00,59.7,66.248,0.269,0.114,2.2,1.378,41.6,44.1,10.91
8/27/18 10:35,54.6,47.311,0.2564,0.115,2.36,1.016,37.3,45,11.24
8/27/18 12:00,53.2,61.895,0.274,0.102,2.5,1.039,36.6,42.6,10.63
8/28/18 12:00,31.5,50.925,0.225,0.091,2.49,0.9,38.7,46,11.41
8/29/18 12:00,16.1,45.143,0.22,0.093,2.62,0.936,38.1,48.1,11.67
8/30/18 12:00,10.4,41.8,0.204,0.097,2.17,0.992,38,50.5,11.46
8/31/18 12:00,7.4,32.911,0.196,0.081,1.74,0.889,37,48.9,11.25
9/1/18 12:00,5.73,43.478,0.196,0.083,1.41,0.746,39,50.9,10.86
9/2/18 12:00,4.31,39.353,0.189,0.085,1.1,0.683,39.2,51.9,10.57
9/3/18 4:00,3.99,23.9,0.165,0.082,0.9,0.623,38.9,51.4,10.12
9/3/18 11:06,3.99,25.849,0.171,0.08,0.88,0.87,39.8,52.5,10.41
9/3/18 12:00,3.99,30.449,0.178,0.086,0.7,0.862,39.9,53.3,10.5
9/4/18 12:00,3.39,30.895,0.1761,,0.54,0.876,39.6,52.1,
9/5/18 12:00,2.86,26.49,0.179,0.093,0.41,0.805,40.7,53.3,10.36
9/6/18 12:00,2.14,29.432,0.185,0.09,0.33,0.846,41.9,52.6,10.43
9/7/18 12:00,2.37,20.394,0.162,0.075,0.22,0.846,41.5,52.6,10.32
9/8/18 12:00,2.37,18.518,0.156,0.083,0.18,0.792,40.2,51.1,9.9
9/9/18 12:00,3.39,19.876,0.163,0.082,0.32,0.742,38.7,49.7,9.24
9/10/18 4:00,9.88,31.936,0.184,0.092,0.31,0.625,33.9,47.3,8.72
9/10/18 12:00,30.7,54.919,0.228,0.1,0.75,0.853,35.6,41.6,9.56
9/10/18 13:12,32.9,73.8,0.269,0.096,0.89,0.873,37.4,43.6,10.18
9/10/18 20:00,52.5,62.046,0.245,0.102,1.36,1.034,39.9,50.1,9.03
9/11/18 20:00,62.7,53.795,0.72,0.544,6.25,1.422,53.2,56.5,10.87
9/12/18 20:00,38.2,40.502,0.225,0.119,10.04,1.448,47.5,67.5,11.21
9/13/18 20:00,21.7,32.765,0.179,0.081,10.2,1.336,46.5,71,11.13
9/14/18 20:00,13.4,31.17,0.158,0.077,8.24,1.29,47.2,74,10.88
9/15/18 20:00,9.35,32.514,0.153,0.067,7.28,1.147,46.6,77,10.54
9/16/18 20:00,7.4,28.03,0.14,0.071,5.04,1.08,47.5,76.3,10.49
9/17/18 12:00,6.53,24.809,0.119,0.068,4.69,0.946,48.5,77.5,10.3
9/17/18 13:15,6.53,20.676,0.133,0.066,4.32,0.984,49.1,77.1,10.3
9/17/18 20:00,6.12,24.343,0.13,0.065,4.87,1.197,49.7,75.8,10.13
9/18/18 20:00,4.99,22.457,0.124,0.056,3.86,1.198,49.9,75.2,9.66
9/19/18 20:00,4.99,21.428,0.123,0.058,2.95,1.177,49.6,73.3,9.17
9/20/18 20:00,4.31,24.487,0.124,0.06,2.32,1.076,50.1,73.5,9.02
9/21/18 20:00,4.31,20.738,0.119,0.054,1.77,1.063,51.3,73.3,8.61
9/22/18 20:00,3.39,16.857,0.108,0.056,1.67,0.992,52.2,74.9,8.45
9/23/18 20:00,2.61,14.074,0.103,0.05,1.19,0.961,52.1,73.8,8.01
9/24/18 12:00,2.86,11.826,0.097,0.051,1.06,0.912,52.2,73.4,7.63
9/24/18 13:07,2.86,12.685,0.097,0.038,1.03,1.028,52.2,73.5,7.53
9/24/18 20:00,2.86,16.696,0.1019,0.03,0.69,0.811,50.8,76.1,6.89
9/25/18 20:00,3.99,9.1324,0.0922,0.029,0.7,0.782,48.8,74.4,6.23
9/26/18 20:00,5.73,12.793,0.0894,0.032,0.3,0.775,50.4,74.2,6
9/27/18 4:00,6.96,8.6956,0.0875,0.041,0.33,0.531,50.1,74.8,6.02
9/27/18 12:00,18.8,11.627,0.1105,0.041,0.19,0.55,49.6,70.8,6.62
9/27/18 20:00,25.9,12.195,0.1291,0.047,0.01,0.506,55.3,82,6.67
9/28/18 20:00,16.1,20.969,0.4522,0.324,2.2,0.997,52.6,49.3,7.29
9/29/18 20:00,10.4,14.248,0.218,0.122,4.33,1.045,43.9,54.5,8.4
10/1/18 12:58,5.73,11.912,0.157,0.081,3.93,1.145,44.1,55.5,8.55
10/1/18 20:00,5.73,14.915,0.1495,0.086,3.97,0.369,42.8,50.5,8.88
10/1/18 20:00,5.73,9.9272,0.1716,0.083,4.42,1.149,41.1,54.1,
10/1/18 20:01,5.73,9.9272,0.1716,0.083,4.42,1.149,41.1,54.1,8.57
10/2/18 20:00,4.64,12.178,0.1318,0.076,3.96,0.447,44.3,52.5,8.26
10/3/18 20:00,4.31,11.371,0.1261,0.062,3.77,0.403,46.9,54.2,7.5
10/4/18 20:00,4.31,14.454,0.1139,0.057,3.24,0.404,45.7,54.6,6.85
10/5/18 20:00,3.99,9.1026,0.0969,0.043,2.74,0.485,45.3,54.5,6.09
10/6/18 20:00,11,33.492,0.1527,0.071,1.94,1.034,39.2,49.4,5.49
10/7/18 4:00,42.1,54.545,0.2404,0.102,1.66,0.987,39.7,43.7,7.27
10/7/18 12:00,58.2,73.17,0.4301,0.183,4.38,1.189,26.4,35.7,9.07
10/7/18 20:00,95.5,73.455,0.3128,0.17,3.47,1.452,42.3,49.9,8.55
10/8/18 4:00,252,145.61,0.4742,0.15,7.19,0.253,36.2,36.8,10.32
10/8/18 12:00,229,92.5,0.493,0.206,8.19,1.927,24.5,30.8,9.52
10/8/18 12:24,228,84.821,0.4622,0.218,8.12,2.389,24.2,28.7,10.66
10/8/18 20:00,164,55.944,0.3808,0.162,8.08,1.719,24.6,33.9,10.02
10/9/18 4:00,116,40.367,0.32,0.176,8.45,1.464,28.4,39.1,10.64
10/9/18 12:00,85.9,38.854,0.2787,0.179,7.92,1.393,28.8,40.8,11.31
10/10/18 12:00,46.6,29.504,0.2166,0.111,6.83,1.333,30.4,46.8,11.83
10/11/18 12:00,32.2,23.225,0.1865,0.103,5.28,1.082,32.3,51.1,12.35
10/12/18 12:00,29.3,15.733,0.1686,0.097,3.9,0.935,36.5,57.5,12.6
10/13/18 12:00,24.6,11.651,0.1689,0.105,2.84,0.845,38.2,56.1,11.86
10/14/18 12:00,20.2,11.342,0.1562,0.101,2.55,0.706,38.5,57.4,12.15
10/15/18 12:00,17.4,12.45,0.1477,0.09,2.2,0.696,37.9,57.4,11.8
10/15/18 13:05,16.8,12.979,0.1503,0.087,2.24,0.734,38.6,58.3,11.09
10/15/18 20:00,16.1,10.876,0.133,0.087,2.03,0.725,38,57.2,11.57
10/16/18 20:00,12.8,7.4728,0.12,0.081,1.9,0.705,39.9,58.8,11.23
10/17/18 20:00,11,4.3668,0.115,0.067,1.54,0.611,40.9,58.2,10.61
10/18/18 20:00,8.84,6.2696,0.106,0.067,1.39,0.61,42,59.9,10.3
10/19/18 20:00,7.87,6.1182,0.095,0.053,1.19,0.579,42,59.9,9.83
10/20/18 20:00,6.96,5.3691,0.089,0.051,0.99,0.572,41.7,60.2,8.9
10/21/18 20:00,6.12,3.3355,0.08,0.047,0.86,0.589,43,61.5,8.28
10/22/18 12:00,6.12,4.6082,0.073,0.039,0.68,0.577,42.7,61.7,7.77
10/22/18 13:02,6.12,3.9011,0.074,0.04,0.71,0.496,43.6,63,7.94
10/22/18 20:00,5.73,3.7453,0.0745,0.025,0.43,0.579,40.5,59,7.12
10/23/18 20:00,5.35,2.616,0.0656,0.022,0.22,0.542,41.3,61,6.46
10/24/18 20:00,5.35,6.812,0.0578,0.014,0.06,0.491,40.6,60.8,5.79
10/25/18 20:00,5.35,2.594,0.0518,0.01,0,0.489,42,61.1,5.16
10/26/18 20:00,5.73,1.9556,0.0475,0.006,0,0.48,41.3,60.5,4.34
10/27/18 20:00,5.73,-1.973,0.046,0.007,0,0.448,41.8,61,3.55
10/28/18 20:00,8.84,7.777,0.1129,0.047,0,0.499,40,59.5,3.33
10/29/18 4:00,28.6,7.5901,0.1168,0.045,0.35,0.568,40.2,57.3,4.58
10/29/18 12:00,32.2,14.981,0.3057,0.179,2.1,0.971,33.8,49.7,6.1
10/29/18 13:11,37.4,14.184,0.3133,0.174,2.23,0.901,33.9,50,6.16
10/29/18 20:00,109,33.289,0.172,0.06,2.22,1.01,49.4,61.8,4.54
10/30/18 20:00,90.2,24.896,0.441,0.294,7.98,1.226,33.9,40.8,8.51
10/31/18 20:00,56.1,13.089,0.23,0.174,6.83,0.972,34.1,50.3,9.11
11/1/18 20:00,309,95.435,0.463,0.209,7.13,1.585,27.9,33.9,8.28
11/2/18 4:00,811,553.01,0.97,0.17,9.89,3.729,24.4,26.5,7.7
11/2/18 12:00,1040,308.2,0.81,0.241,9.12,2.975,19.3,21,7.68
11/2/18 20:00,1410,123.66,0.67,0.302,7.91,2.087,17.3,18.6,7.41
11/3/18 4:00,1490,106.42,0.673,0.285,7.22,1.866,16.4,18,7.45
11/3/18 12:00,1280,94.758,0.535,0.245,0.24,1.611,0.7,0.6,7.99
11/3/18 20:00,942,73.995,0.455,0.183,7.59,1.844,19.1,23.8,8.22
11/4/18 20:00,354,38.821,0.288,0.131,7.64,1.361,22.8,34,9.18
11/5/18 12:00,257,22.516,0.231,0.11,7.14,1.239,24.3,38.6,9.23
11/5/18 12:41,255,24.02,0.204,0.104,7.33,0.76,24.6,39.4,9.53
11/5/18 20:00,231,32.345,0.2033,0.099,6.99,0.803,25.2,41,9.62
11/6/18 20:00,217,16.982,0.1458,0.08,6.61,0.775,27.1,46.9,10.06
11/7/18 20:00,182,11.875,0.1262,0.069,6.36,0.685,27.8,48.3,10
11/8/18 20:00,121,9.3395,0.1111,0.06,6.12,0.601,28.6,51.6,10.2
11/9/18 20:00,97.9,5.7761,0.1001,0.064,5.55,0.569,29.4,54.1,10.08
11/10/18 20:00,155,6.1099,0.1019,0.064,5.25,0.644,30.5,55.1,9.79
11/11/18 20:00,148,3.9215,0.093,0.061,5.21,0.524,29.6,54.7,9.93
11/12/18 10:38,116,5.2666,0.0953,0.057,5.15,0.496,29.2,53.6,9.41
11/12/18 12:00,115,11.3,0.0936,0.049,6.31,0.576,39.8,67.8,9.54
11/13/18 12:00,90,9.5,0.0825,0.047,5.55,0.504,32,61,9.6
11/14/18 12:00,73.8,6,0.0796,0.041,4.67,0.468,33.7,61.4,9.41
11/15/18 12:00,65.3,3.8,0.0786,0.042,4.23,0.426,32.5,61.2,9.53
11/16/18 12:00,77.3,4.2,0.0788,0.045,3.99,0.499,33.5,63.2,8.71
11/17/18 12:00,187,10.7,0.1026,0.063,4.72,0.544,48,70.7,8.49
11/18/18 12:00,274,18.1,0.1438,0.069,5.73,0.747,34.8,53.2,8.48
11/19/18 12:00,456,50.4,0.2229,0.068,7.99,1.131,30.6,45.9,8.34
11/20/18 12:00,292,28.1,0.1747,0.069,6.78,0.719,26.1,42.4,8.57
11/21/18 12:00,174,15.7,0.1188,0.057,6.07,0.708,27.6,48,8.75
11/22/18 12:00,113,11.2,0.0958,0.05,7.46,0.515,38.2,69.3,8.69
11/23/18 12:00,84.5,8.5,0.0818,0.043,5.83,0.524,33.4,60.9,8.7
11/24/18 12:00,111,13,0.0948,0.048,5.15,0.587,29.9,57.9,8.4
11/25/18 12:00,380,54.6,0.2542,0.067,5.74,1.101,25.3,41.1,8.24
11/26/18 12:00,633,155.4,0.5074,0.121,5.12,1.623,20.1,29.9,7.82
11/26/18 12:03,633,360.1,0.7007,0.112,5.3,2.622,20.9,29.9,7.88
11/26/18 20:00,951,286,0.896,0.139,4.87,2.579,14.3,16.5,7.15
11/27/18 4:00,1320,225.2,0.865,0.154,4.21,2.705,11.6,13.1,7.03
11/27/18 12:00,1400,168.2,0.832,0.16,3.97,2.252,10.4,11.4,6.75
11/27/18 20:00,1090,122.9,0.679,0.143,4.34,2.247,11.5,14.2,7.12
11/28/18 20:00,354,66.1,0.342,0.086,5.45,1.155,16.9,27.3,8
11/29/18 20:00,189,34.8,0.186,0.06,5.83,0.8,21.3,38,8.54
11/30/18 20:00,127,19.1,0.129,0.056,5.73,0.724,24.3,45.8,8.8
12/1/18 20:00,409,73.3,0.295,0.074,4.93,0.997,21.3,38.9,8.15
12/2/18 4:00,873,206.9,0.682,0.093,4.47,1.699,15.7,22.5,7.15
12/2/18 12:00,1080,234,0.871,0.131,3.7,2.199,11.3,14.3,6.55
12/2/18 20:00,1330,192.3,0.858,0.122,3.22,1.988,10,11.4,6.36
12/3/18 4:00,1220,157.1,0.819,0.144,3.16,1.988,9.8,11.3,6.56
12/3/18 12:00,840,106.8,0.697,0.129,3.54,1.79,11.3,14.7,7.03
12/3/18 12:48,785,127.4,0.624,0.127,3.73,2.041,12.2,16.3,7.02
12/3/18 20:00,534,98.654,0.12,0.12,4.29,1.358,14.3,20.4,7.19
12/4/18 4:00,443,81.466,0.5227,0.111,4.59,1.01,16.2,24.2,7.43
12/4/18 12:00,387,59.813,0.4314,0.1,4.89,1.167,18,27.7,7.83
12/4/18 20:00,339,62.069,0.3647,0.094,5.07,1.048,19.3,30.7,7.8
12/5/18 20:00,212,51.532,0.3083,0.065,5.41,0.835,23.9,39.4,8.18
12/6/18 20:00,135,58.365,0.2128,0.067,5.46,0.909,27.6,46.7,8.49
12/7/18 20:00,90,18.843,0.1796,0.066,5.33,0.663,29.9,51.2,8.53
12/8/18 20:00,73,12.063,0.1238,0.06,5.24,0.639,33.1,55,8.53
12/9/18 20:00,81.8,10.854,0.1142,0.058,5.24,0.599,33.9,58,8.68
12/10/18 12:00,67,11.221,0.1041,0.057,5.22,0.616,34.9,60.1,8.66
12/10/18 12:26,69.5,11.62,0.057,0.057,5.34,0.622,35.9,61.7,8.96
12/10/18 20:00,61.2,15.006,0.105,0.052,5.09,0.505,33.1,64.2,8.51
12/11/18 20:00,52.5,9.8879,0.087,0.046,5.05,0.489,30.6,65.6,8.53
12/12/18 20:00,47.8,9.1145,0.086,0.049,4.87,0.477,30.9,67,8.46
12/13/18 20:00,43.7,8.2961,0.085,0.048,4.61,0.551,30.5,66.9,8.18
12/14/18 20:00,38.2,8.9102,0.083,0.046,4.33,0.504,30.5,68.3,7.93
12/15/18 20:00,34.4,4.2795,0.083,0.044,4.24,0.552,31.7,70.9,7.93
12/16/18 20:00,43.7,7.6677,0.086,0.034,4.06,0.529,32.7,72.2,7.54
12/17/18 12:00,81.8,16.741,0.1155,0.062,4.07,0.618,33.9,70.4,7.61
12/17/18 12:20,81.8,12.474,0.125,0.066,4.16,0.701,34.9,72.8,7.89
12/17/18 20:00,81.8,17.798,0.112,0.053,4.37,0.718,31.6,64.5,7.78
12/18/18 20:00,65.3,13.53,0.107,0.053,4.95,0.605,29.3,61.5,8.15
12/19/18 20:00,58,7.5033,0.088,0.038,4.76,0.61,29.5,63.5,8.14
12/20/18 20:00,55.6,7.0422,0.077,0.033,4.49,0.541,29.7,65.2,7.83
12/21/18 20:00,599,158.35,0.497,0.081,6.75,1.814,20.4,32.9,7.93
12/22/18 20:00,366,70.175,0.371,0.067,6.78,1.273,19.7,30.5,7.87
12/23/18 20:00,180,42.011,0.194,0.054,6.41,0.899,22.5,40.9,8.25
12/24/18 20:00,110,22.457,0.12,0.05,5.99,0.779,25.1,49.8,8.48
12/25/18 20:00,70.4,16.677,0.094,0.045,5.55,0.572,26.5,55.4,8.41
12/26/18 20:00,54.8,13.269,0.082,0.033,5.25,0.524,27.8,59.3,8.11
12/27/18 20:00,54,21.912,0.085,0.027,4.95,0.533,27.7,60.4,7.62
12/28/18 20:00,345,89.709,0.341,0.054,6.02,1.372,23.2,42.1,7.73
12/29/18 20:00,210,61.946,0.268,0.048,6.07,1.296,22,40.9,8
12/30/18 20:00,108,30.261,0.148,0.044,5.89,0.77,25,49,8.3
12/31/18 20:00,481,196.72,0.542,0.085,4.53,1.535,16.6,32.2,7.09
1/1/19 20:00,1290,204.7,0.97,0.109,3.62,2.632,8.2,11.9,6.42
1/2/19 20:00,412,97.561,0.514,0.08,5.03,1.503,14.7,25.5,7.52
1/3/19 20:00,230,59.972,0.262,0.044,5.51,0.933,19.9,37.1,7.91
1/4/19 20:00,131,33.125,0.157,0.04,5.6,0.743,23.2,45.6,8.22
1/5/19 20:00,90,22.618,0.117,0.036,5.4,0.69,24.7,51,8.23
1/6/19 20:00,64.5,18.709,0.101,0.033,5.18,0.624,25.4,55.6,8.13
1/7/19 12:48,57.2,16.656,0.085,0.042,5.27,0.476,26.6,60.1,8.19
1/7/19 20:00,57.2,17.554,0.0969,0.038,4.96,0.572,26.6,59.4,8.22
1/8/19 20:00,57.2,14.472,0.086,0.04,4.8,0.525,27.1,61.6,7.66
1/9/19 20:00,51.7,7.8533,0.0872,0.043,4.54,0.484,27.6,63.9,7.63
1/10/19 20:00,45.3,14.021,0.0863,0.032,4.43,0.632,28.7,66.1,7.89
1/11/19 20:00,35.9,9.9867,0.0816,0.034,4.38,0.47,29.1,67.8,7.79
1/12/19 20:00,32.2,8.9686,0.0778,0.035,4.38,0.455,29.4,69.7,7.65
1/13/19 20:00,32.9,8.6551,0.0754,0.033,4.32,0.372,30.2,70.4,7.38
1/14/19 12:00,46.9,6.798,0.0725,0.036,4.49,0.502,31.7,72.6,7.58
1/14/19 12:25,44.5,7.0076,0.0734,0.036,4.6,0.458,32.3,74,7.7
1/14/19 20:00,33.7,8.454,0.073,0.032,4.38,0.518,31.1,73.2,7.33
1/15/19 20:00,26.6,7.7569,0.073,0.035,4.42,0.498,32.9,75.5,7.27
1/16/19 20:00,25.9,6.5019,0.073,0.038,4.4,0.499,34.2,77,7.09
1/17/19 20:00,25.2,7.3187,0.069,0.03,4.17,0.527,33.7,75,6.77
1/18/19 20:00,24.6,6.4808,0.066,0.026,4.05,0.525,34.2,74.5,6.56
1/19/19 20:00,15.5,8.4506,0.068,0.033,3.93,0.478,34.2,74.4,6.32
1/20/19 20:00,20.2,5.772,0.062,0.031,4.01,0.431,39.9,78.7,6.51
1/21/19 20:00,14.1,4.6791,0.057,0.02,4.19,0.517,41.3,84.6,6.83
1/22/19 13:24,15.5,7.5393,0.055,0.015,4.4,0.47,42.5,90.3,7.09
1/22/19 20:00,14.8,8.4,0.058,0.004,4.19,0.506,41.4,88,6.81
1/23/19 12:00,47.8,102.1,0.2,0.029,5.02,0.885,32.1,59.5,6.02
1/23/19 20:00,476,159.5,0.333,0.069,4.67,0.931,23.5,36.1,5.92
1/24/19 4:00,913,156.1,0.429,0.098,4.35,1.079,16.7,15.7,5.43
1/24/19 12:00,1400,99.8,0.362,0.109,4.06,1.224,13.2,12.1,5.36
1/24/19 20:00,1540,67.1,0.347,0.101,4.17,1.214,12,11.4,5.45
1/25/19 4:00,1290,45.8,0.322,0.113,4.51,1.152,12.5,14,5.94
1/25/19 12:00,776,40.3,0.295,0.106,4.97,1.003,14.1,18.2,6.51
1/25/19 20:00,588,39.9,0.261,0.082,5.22,0.929,15.6,22.1,6.54
1/26/19 20:00,435,28,0.18,0.058,5.4,0.772,19.2,32.3,6.87
1/27/19 20:00,349,16.2,0.112,0.044,5.31,0.608,22.2,42.2,7.2
1/28/19 12:00,320,10.1,0.094,0.048,5.41,0.552,24.4,48,7.55
1/28/19 13:00,327,11.9,0.09,0.048,5.55,0.594,25.1,49.8,7.72
1/28/19 20:00,316,11.502,0.091,0.044,5.18,0.561,25.3,51,7.36
1/29/19 20:00,217,7.9734,0.079,0.048,5.1,0.54,28.9,57.1,7.47
1/30/19 20:00,129,9.9338,0.083,0.041,5.21,0.474,33.3,65.5,7.95
1/31/19 20:00,70.4,11.176,0.084,0.042,5.38,0.652,34.9,73.3,8.4
2/1/19 20:00,62.8,5.9879,0.081,0.031,5.37,0.661,36.5,76.5,8.49
2/2/19 20:00,63.7,5.7324,0.088,0.035,5.24,0.677,37.7,78.5,8.03
2/3/19 20:00,202,29.372,0.158,0.071,4.21,1.008,29.3,56,6.36
2/4/19 4:00,326,30.445,0.176,0.086,3.76,0.979,27.8,45.5,5.84
2/4/19 12:00,417,40.948,0.228,0.1,2.92,1.065,27.1,36.7,5.26
2/4/19 13:17,424,55.555,0.258,0.109,2.73,1.024,26.3,35.8,5
2/4/19 20:00,490,83,0.299,0.113,2.52,1.094,18.1,24.6,4.91
2/5/19 4:00,713,130.9,0.381,0.108,2.52,1.189,16.8,18.5,4.85
2/5/19 12:00,908,158.7,0.464,0.106,2.76,1.55,11.5,14.1,5.27
2/5/19 20:00,894,113.4,0.432,0.116,3.14,1.504,10.8,13.6,5.5
2/6/19 4:00,620,105.3,0.403,0.096,3.63,1.509,11.5,16,5.8
2/6/19 12:00,585,125,0.423,0.087,3.51,1.677,13.7,16.9,5.76
2/6/19 20:00,780,195.6,0.538,0.101,3.18,1.814,14.3,14.6,5.54
2/7/19 4:00,929,196.8,0.589,0.089,2.88,1.901,11.4,11.2,5.3
2/7/19 12:00,941,132.9,0.493,0.084,3.15,1.662,11,11.7,5.55
2/7/19 20:00,771,98.1,0.417,0.092,3.62,1.634,11.1,13.8,5.91
2/8/19 4:00,792,107.5,0.4296,0.089,4.21,1.255,13.3,15.1,6.37
2/8/19 12:00,798,93.6,0.4244,0.089,4.49,1.42,12,14.6,6.54
2/8/19 20:00,523,87.8,0.3916,0.082,4.7,1.37,13.3,16.3,6.52
2/9/19 20:00,276,59.3,0.2667,0.072,5.32,1.082,18.3,27.5,7.03
2/10/19 20:00,159,30.3,0.1641,0.066,5.34,0.88,21.7,37.6,7.11
2/11/19 12:00,86.3,23.7,0.1299,0.056,5.14,0.682,24.7,45.6,7.3
2/11/19 13:30,80,25.6,0.126,0.056,5.29,0.612,25.6,47.6,7.23
2/11/19 20:00,74.7,23.616,0.124,0.053,5.02,0.574,24.9,49.7,6.97
2/12/19 20:00,275,49.666,0.162,0.06,3.65,0.766,27.4,39.7,5.63
2/13/19 4:00,441,64.732,0.208,0.068,2.92,0.721,40,30.9,4.85
2/13/19 12:00,416,46.62,0.203,0.079,2.63,0.794,23,25.6,4.49
2/13/19 20:00,389,52.419,0.211,0.086,2.44,0.759,20.4,21.4,4.26
2/14/19 20:00,269,38.9,0.195,0.077,2.94,0.848,18.3,26.5,4.86
2/15/19 20:00,485,61.44,0.274,0.09,2.58,0.965,11,19,4.41
2/16/19 4:00,417,53.639,0.285,0.084,2.68,0.987,10.2,17.7,4.53
2/16/19 12:00,314,48.165,0.269,0.081,2.97,0.946,11,19.7,4.87
2/16/19 20:00,207,43.902,0.249,0.083,3.25,0.906,12.5,23,5.15
2/17/19 20:00,126,36.428,0.179,0.056,4,0.8,17.9,36.3,5.84
2/18/19 12:00,81.8,21.667,0.143,0.063,4.26,0.744,20.7,41.9,6.16
2/18/19 13:07,77.3,19.45,0.145,0.058,4.23,0.714,21,42.4,6.22
2/18/19 20:00,78.2,22.857,0.132,0.056,4.46,0.052,23.2,43.2,6.24
2/19/19 20:00,53.3,21.864,0.108,0.047,4.54,0.05,24.6,52.1,6.28
2/20/19 20:00,42.9,21.376,0.096,0.039,4.3,0.058,27.3,53.6,6.23
2/21/19 20:00,237,55,0.1705,0.061,3.2,2.925,43.2,40.8,5.09
2/22/19 4:00,441,106.75,0.2541,0.066,2.38,1.208,29.4,25.5,4.25
2/22/19 12:00,476,119.73,0.3065,0.062,1.93,1.159,12.9,14.1,3.7
2/22/19 20:00,363,76.354,0.2782,0.068,2.1,1.115,11.7,13.8,3.87
2/23/19 20:00,239,48.78,0.226,0.063,2.87,0.994,13.7,21.3,4.79
2/24/19 4:00,302,150,0.4017,0.055,2.99,1.424,13.9,21.8,4.93
2/24/19 12:00,662,269.39,0.7017,0.06,3.23,2.28,14.6,18.2,5.11
2/24/19 20:00,880,330.35,0.8761,0.057,3.2,2.893,10.5,12.6,5.1
2/25/19 4:00,878,274.77,0.8351,0.065,3.25,2.769,9.6,11.1,5.21
2/25/19 12:00,394,203.19,0.7049,0.068,3.71,2.33,10.9,14,5.54
2/25/19 12:21,381,191.66,0.682,0.067,3.88,0.345,11.4,14.4,5.77
2/25/19 20:00,353,168,0.541,0.037,3.88,1.799,12.6,17.5,6
2/26/19 20:00,177,75.4,0.29,0.032,4.79,1.186,17.8,29.3,6.52
2/27/19 20:00,108,41.6,0.151,0.043,5.2,0.774,22.3,39.8,6.8
2/28/19 20:00,65.3,35.3,0.117,0.029,4.75,0.833,24.6,47.7,6.64
3/1/19 20:00,47.8,26.9,0.111,0.036,4.52,0.817,26.9,52.4,6.39
3/2/19 20:00,35.9,17.1,0.094,0.031,4.37,0.62,28.2,56.1,6.28
3/3/19 20:00,32.9,18,0.087,0.032,4.17,0.61,28.5,58.2,5.91
3/4/19 12:00,30.7,12.2,0.079,0.025,4.19,0.691,29.8,59.9,6.12
3/4/19 12:28,33.7,12.2,0.074,0.019,4.22,0.49,30.2,60.7,6.27
3/4/19 20:00,32.2,14.114,0.081,0.034,4.16,0.586,29.9,62.2,5.93
3/5/19 20:00,28.6,12.726,0.0794,0.036,4.36,0.621,32.8,67.8,6.06
3/6/19 20:00,17.4,9.6153,0.0773,0.036,4.41,0.662,34.7,71,6.29
3/7/19 20:00,17.4,11.921,0.0745,0.037,4.47,0.639,36.5,75.6,6.32
3/8/19 20:00,15.5,6.7249,0.0694,0.025,4.27,0.579,36.3,75.3,5.91
3/9/19 20:00,27.9,107.45,0.1926,0.04,3.64,1.072,33.3,66.4,4.96
3/10/19 4:00,185,266.81,0.6634,0.152,2.25,2.367,19,32.7,4.13
3/10/19 12:00,552,458.25,0.8052,0.065,2.28,2.885,19.7,23.4,4.18
3/10/19 20:00,798,460.6,0.9294,0.194,2.02,3.193,10.3,12.3,4.21
3/11/19 4:00,705,259.71,0.7416,0.069,2.35,2.277,9.4,11.4,4.59
3/11/19 12:20,479,150.37,0.5972,0.076,2.79,1.732,9.6,13.7,5.09
3/11/19 20:00,342,151.16,0.557,0.095,3.01,2.076,10.3,15.4,5.44
3/12/19 4:00,247,130.31,0.479,0.047,3.22,1.766,11.9,18.4,5.56
3/12/19 12:00,187,100,0.421,0.086,3.56,2.138,13.4,21.3,5.8
3/12/19 20:00,143,80.246,0.365,0.086,3.49,1.574,13.9,24,5.83
3/13/19 20:00,115,52.67,0.253,0.064,3.88,1.41,16.8,29.8,6.06
3/14/19 20:00,535,185.89,0.442,0.05,5.69,2.059,16,23,6.37
3/15/19 4:00,752,251.03,0.622,0.041,6.22,2.498,13.6,18.7,6.58
3/15/19 12:00,761,192.13,0.51,0.044,6.76,2.429,14,19.2,6.94
3/15/19 20:00,572,113.2,0.374,0.019,7.18,1.73,15.1,22.3,7.04
3/16/19 20:00,330,52.525,0.192,0.019,7.19,1.125,18.2,33.3,7.21
3/17/19 20:00,196,34.188,0.137,0.036,6.63,0.943,20.2,40.4,7.06
3/18/19 4:00,157,35.446,0.125,0.031,6.37,0.797,20.8,42.6,7.09
3/18/19 12:00,137,33.647,0.105,0.031,6.26,0.751,21.8,44.3,6.73
3/18/19 12:47,136,25.401,0.114,0.031,6.31,0.742,22.3,45.8,7.1
3/19/19 12:00,98.9,27.759,0.088,0.03,5.78,0.755,23.1,50.3,6.49
3/20/19 12:00,81.8,25.084,0.08,0.028,5.37,0.745,23.5,52.7,6.26
3/21/19 12:00,99.9,27.67,0.077,0.032,5.29,0.67,24.7,55.6,6.13
3/22/19 12:00,211,43.564,0.13,0.019,6.27,0.857,24.2,47.6,6.61
3/23/19 12:00,99.9,29.431,0.099,0.02,6.27,0.729,24.1,48.6,6.35
3/24/19 12:00,67,25.128,0.078,0.021,5.85,0.761,25.1,53.8,5.91
3/25/19 4:00,58,20.529,0.069,0.021,5.51,0.623,25.4,56,5.56
3/25/19 12:00,55.6,17.88,0.072,0.021,5.44,0.607,25.7,57.8,5.54
3/25/19 12:37,55.6,17.275,0.065,0.026,5.45,0.635,26.1,58.5,5.74
3/26/19 12:00,45.3,18.698,0.068,0.021,5.01,0.576,26.7,61.1,5.09
3/27/19 12:00,36.7,16.774,0.061,0.015,4.6,0.551,26.8,62.6,4.53
3/28/19 12:00,33.7,13.003,0.054,0.017,4.47,0.518,27.7,64.3,4.01
3/29/19 12:00,35.2,14.696,0.053,0.015,4.05,0.551,27.2,62.9,3.38
3/30/19 12:00,92.9,89.619,0.189,0.017,5.11,1.113,26,51.6,5.01
3/30/19 20:00,434,199.54,0.366,0.032,6.35,1.747,25.7,34.5,6.07
3/31/19 4:00,858,298.78,0.561,0.048,7.04,1.535,16.8,22.4,6.61
3/31/19 12:00,1150,218.57,0.538,0.053,6.98,1.649,13.7,17.7,6.76
3/31/19 20:00,1220,136.27,0.456,0.057,6.57,1.197,11.5,16.5,6.66
4/1/19 4:00,963,101.28,0.366,0.055,6.72,1.495,11.8,18.7,6.84
4/1/19 12:00,617,82.474,0.307,0.043,7.06,1.55,13,22.2,7.02
4/1/19 13:22,582,74.935,0.299,0.036,7.42,1.361,13.6,23.5,7.27
4/1/19 20:00,462,72.3,0.256,0.036,7.47,1.174,14.2,25.5,6.89
4/2/19 4:00,415,65.5,0.212,0.037,7.61,1.067,15.9,29,6.92
4/2/19 12:00,387,54.5,0.184,0.024,7.83,0.838,16.9,32.4,6.97
4/2/19 20:00,342,53.3,0.161,0.031,7.78,0.756,17.8,35,6.84
4/3/19 20:00,186,38,0.108,0.024,7.34,0.676,19.9,40.7,6.27
4/4/19 20:00,98.9,28.3,0.082,0.022,6.86,0.665,20.9,45.7,5.64
4/5/19 20:00,78.2,19.7,0.068,0.021,6.39,0.61,21.9,49.6,5.26
4/6/19 20:00,61.2,18.6,0.061,0.015,5.89,0.51,23,52.7,4.48
4/7/19 20:00,53.3,18.7,0.062,0.015,5.23,0.64,23,54.1,3.79
4/8/19 4:00,52.5,22,0.061,0.016,5.23,,23.7,55.2,3.57
4/8/19 12:00,62,30.326,0.075,0.018,5.08,0.529,24.6,56.6,3.6
4/8/19 12:40,62,26.1,0.069,0.016,5.06,0.599,23.8,56.1,3.53
4/9/19 12:00,57.2,19.809,0.063,0.015,5.22,0.586,26.1,54.3,3.61
4/10/19 12:00,42.9,15.277,0.045,0.002,4.71,0.53,26.4,57.3,2.61
4/11/19 12:00,33.7,11.424,0.0387,0.009,4.31,0.515,27,59.5,1.97
4/12/19 12:00,32.9,18.085,0.0446,0.006,4.18,0.558,26.7,59.9,1.64
4/13/19 12:00,32.2,8.2273,0.0373,0.007,3.81,0.55,28,62.1,1.23
4/14/19 12:00,38.9,41.547,0.0812,0.002,3.94,0.712,28.3,56.8,1.64
4/14/19 20:00,157,74.803,0.151,0.016,4.87,0.887,24.2,48.5,3.58
4/15/19 4:00,352,81.681,0.2132,0.023,6.67,1.358,23.2,37,5.56
4/15/19 10:48,392,72.28,0.215,0.024,7.53,1.188,22.7,36.6,6.07
4/15/19 12:00,391,87.2,0.212,0.021,7.81,1.268,20.6,36,6.33
4/16/19 12:00,209,39.2,0.109,0.015,8.63,0.929,20.4,38.7,6.65
4/17/19 12:00,105,21.1,0.06,0.01,7.63,0.61,22.3,45.9,4.96
4/18/19 12:00,74.7,15.6,0.042,0.007,6.49,0.596,23,49,3.22
4/19/19 12:00,480,240.2,0.384,0.004,5.79,2.005,18.8,32.1,4.47
4/19/19 20:00,841,241.5,0.597,0.033,6.25,2.791,10.9,18.2,6.04
4/20/19 4:00,888,160.7,0.497,0.034,7.11,2.285,9.6,16.6,6.61
4/20/19 12:00,706,139.7,0.421,0.037,7.13,1.959,10.3,19.3,6.9
4/20/19 20:00,950,208.5,0.567,0.031,6.08,2.254,10.2,15.9,6.32
4/21/19 4:00,1410,250.5,0.688,0.049,5.02,2.76,7.4,12.3,5.87
4/21/19 12:00,1640,189.4,0.631,0.062,4.47,2.292,6,10.4,5.75
4/21/19 20:00,1330,123.4,0.496,0.046,4.87,2.294,7,12.6,6.22
4/22/19 4:00,888,108.4,0.398,0.038,5.76,1.843,9,16.8,6.85
4/22/19 12:00,537,87.85,0.33,0.041,6.01,1.433,10.8,20.6,7.18
4/22/19 13:13,522,77.1,0.309,0.023,6.58,1.409,11.4,21.7,7.27
4/23/19 12:00,305,53.888,0.169,0.035,6.78,1.14,16,31.3,7.41
4/24/19 12:00,142,33.722,0.106,0.028,6.78,0.679,17.9,39.2,6.8
4/25/19 12:00,86.3,21.653,0.07,0.022,6.24,0.664,19.7,43.2,5.3
4/26/19 4:00,241,152.17,0.313,0.04,5.01,1.261,15.5,33.7,5.1
4/26/19 12:00,836,284.65,0.68,0.049,4.25,2.241,11,17.3,5.69
4/26/19 20:00,1170,227.57,0.686,0.087,3.95,2.144,7.2,12,6.19
4/27/19 4:00,1170,144.85,0.572,0.089,4.26,1.512,6.9,12.2,6.64
4/27/19 12:00,715,110.25,0.454,0.069,4.95,1.173,8.7,16.4,7.06
4/27/19 20:00,438,90.721,0.353,0.07,5.69,1.599,11,21.7,7.51
4/28/19 4:00,442,88.397,0.304,0.058,5.39,1.344,11.5,23.2,7.08
4/28/19 12:00,707,131.74,0.386,0.052,5.18,1.867,11.8,19.9,6.72
4/28/19 20:00,787,133.72,0.391,0.049,5.09,1.554,9.9,18.3,6.55
4/29/19 4:00,609,96.491,0.347,0.053,5.54,1.404,10.4,19.6,7.04
4/29/19 12:00,448,76.233,0.27,0.043,6.21,1.387,11.9,23.5,7.05
4/29/19 12:32,444,69.196,0.268,0.048,6.13,1.164,11.9,23.6,7.45
4/30/19 12:00,390,69.381,0.204,0.032,6.44,0.987,15.2,30,7.15
4/30/19 20:00,443,78.124,0.225,0.025,6.38,1.134,14.9,29.1,7.12
5/1/19 4:00,520,104.71,0.284,0.036,6.22,1.42,14,26.3,7.03
5/1/19 12:00,483,91.811,0.261,0.033,6.19,1.346,13.4,26.6,7.15
5/2/19 12:00,365,50.511,0.174,0.036,6.2,1.149,14.6,30.6,7.23
5/2/19 20:00,350,56.41,0.174,0.034,6.2,1.036,15.1,31.5,7.39
5/3/19 4:00,388,130.63,0.283,0.04,5.57,1.376,13.8,28.8,6.86
5/3/19 12:00,673,144.48,0.391,0.048,4.82,1.454,11.4,20.4,6.6
5/4/19 12:00,546,81.208,0.296,0.051,5.14,1.633,10.3,20.5,7.55
5/5/19 12:00,320,46.527,0.171,0.034,5.87,1.017,13.8,29.6,7.52
5/6/19 4:00,226,33.503,0.129,0.037,8.69,1.016,0,49.7,7.23
5/6/19 12:00,189,35.451,0.125,0.034,5.92,0.824,16.6,37,6.92
5/6/19 12:41,196,30.282,0.117,0.031,6.09,0.803,16.8,37.3,6.91
5/7/19 12:00,104,27.116,0.105,0.032,5.58,0.721,18.2,41.3,5.69
5/8/19 12:00,74.7,20.969,0.089,0.029,5.38,0.675,19.7,44.2,4.9
5/9/19 12:00,67.8,21.739,0.083,0.018,5.19,0.695,20.7,45.7,3.96
5/10/19 4:00,378,390.55,0.615,0.034,3.32,1.974,11.3,24.3,4.07
5/10/19 12:00,881,384.61,0.793,0.052,2.67,2.495,7.1,11.6,4.71
5/10/19 20:00,1000,214.45,0.594,0.027,2.93,1.978,5.8,10.8,5.46
5/11/19 4:00,836,122.62,0.438,0.038,3.61,1.606,6.9,13.8,6.21
5/11/19 12:00,505,89.189,0.35,0.021,5.06,1.296,10,20.7,6.65
5/12/19 12:00,241,36.781,0.172,0.027,5.43,0.927,13.9,30.2,7.18
5/12/19 20:00,257,63.265,0.207,0.03,5.12,0.973,14.4,30.9,6.86
5/13/19 4:00,486,87.719,0.2847,0.027,4.76,1.437,13.3,25.3,6.66
5/13/19 11:10,627,84.233,0.439,0.1,4.66,1.762,11.9,22.3,6.69
5/13/19 12:00,638,103.89,0.343,0.031,4.68,1.54,11.6,23.3,6.55
5/13/19 20:00,700,114.22,0.327,0.027,4.65,1.375,11.1,21.9,6.66
5/14/19 4:00,718,114.28,0.319,0.027,4.95,1.635,11.1,22.6,6.94
5/14/19 12:00,557,74.41,0.283,0.033,5.31,1.579,11,22.3,7.36
5/15/19 12:00,290,49.81,0.169,0.026,6.1,0.998,14.6,32.1,7.64
5/16/19 12:00,142,35.369,0.123,0.027,6.1,0.892,17.3,39.6,6.87
5/17/19 12:00,137,40.65,0.12,0.021,5.57,0.881,18.8,43.2,5.55
5/17/19 20:00,322,103.3,0.226,0.025,4.88,1.232,17,41,5.5
5/18/19 4:00,413,148.22,0.37,0.025,4.29,3.267,12.1,29.5,5.41
5/18/19 12:00,341,112.71,0.359,0.026,4.49,1.298,11.6,26.1,5.98
5/19/19 12:00,164,47.619,0.176,0.029,5.46,1.162,15.4,35.9,6.83
5/19/19 20:00,388,248.89,0.527,0.043,4.55,2.078,12,26.5,6.08
5/20/19 4:00,832,399.11,0.803,0.043,3.61,2.735,8.7,17.8,5.47
5/20/19 12:00,1050,309.71,0.767,0.033,3.06,3.229,6,12.5,5.68
5/20/19 13:19,1070,269.05,0.702,0.043,3.31,2.086,6.4,13.4,6.26
5/20/19 20:00,991,168.75,0.5251,0.032,3.95,2.131,6.7,14.4,7.02
5/21/19 4:00,606,128.32,0.3973,0.044,4.6,1.545,7.9,18.2,7.95
5/21/19 12:00,425,105.85,0.3062,0.033,5.15,1.37,9.7,22.7,8.06
5/21/19 20:00,333,117.51,0.2794,0.03,5.46,1.322,11.1,26.5,8.32
5/22/19 20:00,193,39.603,0.1489,0.036,5.83,0.883,14.3,35.3,8.08
5/23/19 20:00,345,98.684,0.277,0.039,5.33,1.141,15.1,31.6,7.38
5/24/19 4:00,294,115.88,0.2722,0.034,5.35,3.963,15.1,33.2,7.49
5/24/19 12:00,224,53.742,0.1816,0.027,5.31,1.021,15.3,35.3,7.47
5/24/19 20:00,161,46.59,0.1542,0.033,5.26,0.885,15.9,36.9,7.31
5/25/19 20:00,87.3,31.12,0.122,0.03,5.2,0.67,17.6,41.8,6.59
5/26/19 20:00,441,233.01,0.5015,0.033,3.69,1.83,10.3,24.1,6.33
5/27/19 4:00,479,193.7,0.5087,0.029,3.88,1.97,9.8,22.1,7.26
5/27/19 12:00,412,153.65,0.4414,0.036,4.04,1.325,9.6,22.5,7.51
5/27/19 20:00,320,97.065,0.3395,0.043,4.37,1.464,10.7,25.5,7.94
5/28/19 4:00,311,101.12,0.3126,0.043,4.56,1.376,11.9,28.3,7.87
5/28/19 12:00,596,223.36,0.472,0.045,4.41,1.454,11.6,24.5,7.07
5/28/19 12:30,620,196.97,0.4477,0.03,4.53,1.799,12.1,25.5,7.53
5/28/19 20:00,831,301.23,0.659,0.044,3.79,1.706,9,18.6,6.62
5/29/19 4:00,711,165.69,0.498,0.052,4.38,1.434,8.3,17.3,7.12
5/29/19 12:00,534,98.591,0.359,0.058,4.91,1.544,9.6,20.7,8.03
5/30/19 12:00,298,66.533,0.244,0.053,5.3,1.197,13.1,29.2,8.37
5/31/19 12:00,122,39.4,0.17,0.052,5.23,0.96,15.5,36,8.31
6/1/19 12:00,67,34.205,0.143,0.049,5.07,0.833,17,40.7,7.96
6/1/19 20:00,83.6,378.18,0.502,0.042,4.44,1.82,15,36.3,6.7
6/2/19 4:00,735,437.63,0.788,0.073,3.48,1.949,7.7,17.7,5.24
6/2/19 12:00,1240,454.54,0.832,0.055,2.61,1.985,4.8,9.3,4.44
6/2/19 20:00,1780,305.43,0.746,0.052,2.17,1.386,3.3,7.1,4.49
6/3/19 4:00,1950,171.61,0.544,0.058,2.46,1.858,3.4,7.6,5.38
6/3/19 12:00,1510,78.299,0.398,0.051,3.12,1.056,4.8,11.2,6.45
6/3/19 13:19,1410,81.135,0.387,0.066,3.27,1.138,4.9,11.8,7.06
6/3/19 20:00,876,79.854,0.323,0.043,3.43,1.325,7,14.7,7.79
6/4/19 4:00,536,74.31,0.262,0.043,3.8,1.192,8.3,18.3,8.09
6/4/19 12:00,399,58.968,0.211,0.045,4.07,1.164,9.9,21.5,8.21
6/4/19 20:00,310,47.715,0.181,0.046,4.21,1.23,10.9,24.2,8.38
6/5/19 20:00,669,536.79,0.86,0.05,2.78,2.536,6.1,13,5.17
6/6/19 4:00,555,161.01,0.428,0.022,3.89,1.506,8.7,16.4,6.91
6/6/19 12:00,384,72.961,0.255,0.033,4.41,1.186,11,21.4,7.83
6/6/19 20:00,275,55.338,0.192,0.027,4.56,1.005,13.5,25.5,8.37
6/7/19 20:00,90,35.415,0.127,0.034,4.6,0.814,15.9,33.6,8.48
6/8/19 20:00,50.2,27.315,0.112,0.034,4.18,0.816,17.5,37.4,7.8
6/9/19 20:00,42.1,25.034,0.099,0.035,3.77,0.766,18.3,38.9,7.19
6/10/19 4:00,38.9,32.28,0.109,0.024,3.62,0.69,18.7,39.5,6.76
6/10/19 10:32,39.7,22.561,0.101,0.029,3.6,0.659,18.8,40.4,6.74
6/10/19 12:00,39.7,28.5,0.107,0.027,3.56,0.774,18.5,43.2,6.71
6/11/19 12:00,32.2,24.8,0.102,0.027,3.16,0.763,19.4,44.4,6.21
6/12/19 12:00,23.9,20.7,0.093,0.024,3.13,0.759,21.4,46.8,5.49
6/13/19 12:00,20.2,16.3,0.085,0.02,3.02,0.679,21.4,46.9,4.42
6/14/19 12:00,30,19.6,0.101,0.01,2.89,0.767,20.9,45,4.44
6/15/19 12:00,31.5,23.2,0.09,0.01,1.75,0.739,15,25.1,3.78
6/16/19 4:00,67,45.2,0.185,0.026,3.61,1.05,10.9,18.5,5.12
6/16/19 12:00,591,216.2,0.477,0.036,5.12,2.041,10.6,16.9,5.78
6/16/19 20:00,670,116.1,0.407,0.047,5.51,2.097,10.7,18.3,7.51
6/17/19 4:00,609,82,0.339,0.047,5.67,2.086,11.8,21.5,8.27
6/17/19 12:00,513,65.5,0.276,0.033,,4.391,,,8.68
6/17/19 13:15,500,56.8,0.262,0.034,6.69,1.503,14.1,25.2,8.47
6/17/19 20:00,424,53.6,0.219,0.031,7.82,1.546,15.5,27.8,8.68
6/18/19 20:00,184,32.4,0.145,0.039,7.04,0.841,18.8,34.7,8.9
6/19/19 20:00,85.4,26.2,0.11,0.032,5.88,0.699,17.8,38.5,7.97
6/20/19 12:00,176,83.7,0.193,0.042,5.14,1.022,16.6,35.7,7
6/20/19 20:00,793,273.3,0.545,0.061,5.21,2.137,10.5,19,6.03
6/21/19 4:00,1170,211,0.567,0.078,4.64,2.35,6.2,11.3,5.85
6/21/19 12:00,1590,136.4,0.479,0.094,5.07,2.947,4.7,9.4,6.22
6/21/19 20:00,1560,84.6,0.385,0.089,5.83,1.745,4.9,10.7,6.96
6/22/19 20:00,528,52.5,0.227,0.072,6.71,1.384,9.1,21,8.71
6/23/19 20:00,277,57.4,0.186,0.057,6.37,1.027,12.4,28.8,8.91
6/24/19 4:00,213,32.5,0.145,0.049,6.26,0.796,13.7,31.1,8.74
6/24/19 12:38,165,30.6,0.139,0.041,6.19,0.724,14.8,33.6,8.81
7/1/19 20:00,12.4,9.247,0.076,0.015,1.83,0.525,20.6,41.4,3.53
7/2/19 20:00,11.2,5.5727,0.067,0.019,1.59,0.466,20.7,40.8,3.23
7/3/19 20:00,31,37.594,0.106,0.025,1.71,0.705,19.2,37.2,3.56
7/4/19 4:00,101,33.54,0.127,0.041,2.01,0.408,19.3,37.7,4.63
7/4/19 12:00,83.9,20.291,0.116,0.041,2.17,0.53,20,37.3,5.32
7/4/19 20:00,80.2,20.297,0.113,0.04,3.42,0.957,18.7,36.5,6.26
7/5/19 4:00,92.7,24.198,0.1156,0.048,3.81,1.07,19.2,37.6,6.53
7/5/19 12:00,85.9,18.433,0.1161,0.054,3,0.825,19.5,38.6,6.42
7/5/19 20:00,69.2,18.82,0.1176,0.048,4.81,0.381,17,34.6,7.16
7/6/19 20:00,17.7,19.011,0.1027,0.043,4.42,0.358,17.7,34.2,7.43
7/7/19 20:00,71.8,27.989,0.1323,0.046,3.49,0.853,16.5,34.1,6.85
7/8/19 4:00,61.3,35.526,0.1425,0.053,4.35,1.005,15.9,31.4,7.33
7/8/19 12:00,62.2,450.2,0.5492,0.045,5.13,2.3,15.5,31.4,7.64
7/8/19 13:15,64.7,124.23,0.32,0.058,5.21,3.9,15.7,31.8,7.59
7/8/19 20:00,53,38.015,0.129,0.036,4.24,0.923,17.2,33.3,7.15
7/9/19 4:00,31.7,19.745,0.106,0.034,3.54,0.791,18.9,35.6,6.66
7/9/19 12:00,23.5,13.784,0.099,0.038,3.26,0.826,19.9,35.6,6.09
7/9/19 20:00,17.7,10.673,0.105,0.027,3.89,0.877,20.5,34.8,6.17
7/10/19 20:00,10.1,10.482,0.073,0.02,3.69,0.809,18.5,34.4,5.07
7/11/19 20:00,7.57,7.1801,0.065,0.012,2.6,0.854,19.8,36.3,3.62
7/12/19 20:00,5.86,4.8192,0.055,0.021,1.87,0.68,21.7,38.8,2.75
7/13/19 20:00,4.42,4.6948,0.054,0.018,1.27,0.681,22.1,39.9,2.13
7/14/19 20:00,5.11,6.8352,0.055,0.016,0.92,0.631,22.4,39.6,1.84
7/15/19 4:00,4.42,23.994,0.074,0.023,0.85,0.67,22.4,39.6,1.76
7/15/19 11:58,4.09,9.901,0.061,0.025,0.81,0.679,22.8,40.4,1.75
7/15/19 12:00,4.09,10.276,0.06,0.019,0.5,0.605,23.8,41.3,1.8
7/16/19 12:00,2.94,8.2987,0.061,0.023,0.45,0.585,23.8,40.2,1.96
7/16/19 20:00,5.47,40.284,0.115,0.027,1.09,0.873,21.3,37.6,2.93
7/17/19 4:00,90.6,66.666,0.16,0.038,2.12,1.11,18.4,32.2,4.17
7/17/19 12:00,267,97.166,0.263,0.054,5.51,1.7,14.3,24,7.19
7/18/19 4:00,502,130.01,0.38,0.183,7.65,1.982,12.9,19.5,8.77
7/18/19 12:00,430,73.378,0.2995,0.184,9.39,1.781,10.2,16.9,9.6
7/18/19 20:00,351,56.537,0.2312,0.105,7.97,1.286,11.2,20.2,9.58
7/19/19 12:00,262,68.92,0.2309,0.088,5.75,1.449,14.5,25.9,9.32
7/20/19 12:00,43.6,29.139,0.1408,0.07,4.15,0.886,16.9,31.2,9.73
7/21/19 12:00,19,22.28,0.1278,0.068,2.9,0.754,18.7,34.3,9.05
7/22/19 4:00,781,367.43,0.6217,0.106,4.09,1.292,6.6,11.9,6.14
7/22/19 12:00,894,75.356,0.328,0.066,11.84,2.2,7,14.6,10.13
7/22/19 12:18,898,145.87,0.449,0.132,5.9,1.974,6.8,11.3,7.78
7/22/19 20:00,778,43.478,0.224,0.055,6.63,1.687,12.8,26.3,9.59
7/23/19 4:00,607,44.967,0.23,0.052,6.25,1.635,10.4,20.8,10.08
7/23/19 12:00,495,16.423,0.175,0.05,5.13,1.301,12,23.2,10.43
7/24/19 12:00,294,14.824,0.119,0.04,3.23,0.844,16,29.8,10.08
7/25/19 12:00,96.8,9.352,0.099,0.028,2.08,0.724,16.6,33.4,8.45
7/26/19 12:00,28.1,8.9571,0.085,0.026,1.24,0.63,18.8,35.3,6.31
7/27/19 12:00,15.6,8.0537,0.08,0.024,0.73,0.598,19.5,36.2,4.57
7/28/19 12:00,10,8.5158,0.086,0.024,0.45,0.579,21.5,36.9,3.43
7/29/19 12:00,6.22,8.9399,0.069,0.028,1.51,0.562,19.7,35.3,4.79
7/29/19 12:01,6.22,10.493,0.098,0.029,0.29,0.653,22.7,37.3,2.89
7/29/19 13:15,6.22,7.6677,0.092,0.025,0.25,0.555,23,37.9,3
7/30/19 12:00,5.82,6.5061,0.067,0.024,1.19,0.524,20.6,36,4.13
7/31/19 12:00,5.43,5.5147,0.062,0.023,0.9,0.598,20.7,35.9,3.54
8/1/19 12:00,3.75,3.2981,0.059,0.029,0.68,0.555,21.6,36.3,3.12
8/2/19 12:00,2.66,3.494,0.058,0.02,0.49,0.517,22.5,36.6,2.49
8/3/19 12:00,2.42,4.0241,0.052,0.015,0.41,0.552,24.2,37.5,2.17
8/4/19 12:00,1.4,3.8684,0.049,0.013,0.31,0.531,24.1,37.5,1.84
8/5/19 4:00,1.77,20.195,0.068,0.013,0.27,0.621,24.6,37.7,1.61
8/5/19 12:00,1.77,6.6755,0.052,0.019,0.24,0.66,24.2,37.7,1.55
8/5/19 12:15,1.24,6.1958,0.044,0.011,0.24,0.488,25,38.2,1.6
8/6/19 12:00,1.09,6.4516,0.052,0.017,0.25,0.594,24.7,37.2,1.5
8/7/19 12:00,33.1,10,0.099,0.037,0.26,0.696,26.1,37.3,2.7
8/8/19 12:00,7.48,16.315,0.12,0.044,1.31,0.758,25.8,34,4.06
8/9/19 12:00,2.9,10.352,0.105,0.037,1.42,0.933,24.3,32.3,4.36
8/10/19 12:00,1.76,8.6264,0.087,0.028,1.31,1.042,22.3,31.4,3.95
8/11/19 12:00,1.23,5.0793,0.078,0.024,1.17,0.831,21.8,32.1,3.37
8/12/19 4:00,0.81,15.072,0.083,0.025,1.02,0.825,21.6,32.5,2.81
8/12/19 12:00,0.94,9.4,0.0727,0.006,0.78,0.753,22.4,32.3,2.71
8/12/19 12:15,1.23,9.5563,0.072,0.023,0.99,0.799,21.6,32.8,2.72
8/13/19 12:00,2.17,13.3,0.0781,0.01,0.74,0.7,21.4,31.5,2.81
8/14/19 12:00,4.69,9.3,0.0808,0.022,0.41,0.724,22,27.5,3.47
8/15/19 12:00,2.4,10.3,0.0791,0.019,0.74,0.67,21.7,28.5,3.86
8/16/19 12:00,2.4,8.2,0.0719,0.021,0.44,0.636,23.2,29.3,3.21
8/17/19 12:00,2.4,6.5,0.0743,0.107,0.19,0.613,23.3,30.5,2.58
8/18/19 12:00,1.39,12.8,0.0782,0.026,0.25,0.628,23.5,31.5,2.46
8/18/19 20:00,2.4,59.5,0.16,0.02,1.41,0.6,21.4,28.1,3.09
8/19/19 4:00,27.3,102.1,0.2268,0.034,3.01,1.127,17.9,25.5,4.81
8/19/19 12:00,341,69,0.2272,0.063,3.49,0.865,21.9,27.7,5.83
8/19/19 13:19,359,69.4,0.2269,0.061,3.47,0.164,22.5,28,5.79
8/19/19 20:00,416,120.26,0.4145,0.148,6.86,1.905,20,24.2,8.12
8/20/19 20:00,258,41.401,0.264,0.156,10.24,0.663,19,27.2,9.56
8/21/19 4:00,177,138.02,0.2838,0.076,6.25,1.421,18,32.3,8.79
8/21/19 20:00,51.1,30.719,0.1718,0.086,7.93,1.226,20.1,35.1,9.89
8/22/19 4:00,53.5,157.11,0.5011,0.14,7.07,1.808,9.1,15.2,7.31
8/22/19 12:00,492,304.44,0.5094,0.071,4.14,1.471,15.1,28.5,7.45
8/22/19 20:00,798,354.12,0.7227,0.129,5.59,1.987,9.5,14.6,6.77
8/23/19 12:00,829,80.223,0.3757,0.128,7.62,1.384,10.5,19.7,8.73
8/23/19 20:00,596,65.764,0.3191,0.153,7.4,1.419,11.8,24.3,9.43
8/24/19 20:00,293,47.123,0.2348,0.104,6.26,1.186,15.2,32.3,10.01
8/25/19 20:00,96.5,35.324,0.1942,0.1,4.96,1.036,17,36,10.01
8/26/19 12:00,47.7,51.013,0.209,0.098,4.15,0.918,17.5,39.5,9.34
8/26/19 12:50,48.6,43.362,0.2033,0.1,4.28,1.139,18,38.6,9.65
8/26/19 20:00,46.9,35.616,0.191,0.09,3.76,0.864,17.7,39.4,9.17
8/27/19 4:00,53.2,29.345,0.173,0.09,3.41,0.925,18.4,40.4,9.13
8/27/19 12:00,78,40.618,0.179,0.082,3.28,0.856,18.7,39.7,9.1
8/28/19 12:00,149,35.928,0.192,0.072,3.21,1.557,19.7,33.8,9.55
8/29/19 12:00,41.3,22.265,0.142,0.069,2.85,0.97,22,38,9.34
8/30/19 12:00,19.5,31.957,0.138,0.064,2.54,0.876,21.7,37.9,8.63
8/31/19 12:00,9.9,12.297,0.105,0.06,1.89,0.757,23.2,40.6,8.08
9/1/19 12:00,6.97,21.232,0.108,0.053,1.73,0.708,23.3,41.7,7.16
9/2/19 12:00,18.1,14.472,0.102,0.052,1.37,0.755,23.9,41.6,6.3
9/3/19 11:32,11.6,14.393,0.119,0.06,1.72,0.83,20,35.1,7.35
9/3/19 12:00,10.4,14.753,0.1149,0.055,1.66,0.807,20,34.6,7.83
9/3/19 20:00,11,21.373,0.1117,0.05,1.61,0.749,20.7,34.8,7.82
9/4/19 4:00,12.8,30.927,0.1173,0.048,1.56,0.87,22.3,36.8,7.41
9/4/19 12:00,7.4,14.751,0.1007,0.047,1.42,0.803,24.1,38.1,7.28
9/5/19 12:00,63.7,41.753,0.1601,0.063,1.75,0.784,27.4,38.3,6.56
9/6/19 12:00,24.9,18.384,0.1302,0.067,2.35,0.684,27.3,38.8,7.25
9/7/19 12:00,12.1,16.129,0.0998,0.054,2.05,0.685,25.3,35.7,7.02
9/8/19 12:00,8.38,10.638,0.0882,0.048,1.84,0.613,25.2,36.8,6.63
9/9/19 4:00,7.08,17.532,0.0956,0.045,1.67,0.693,25.6,38.1,6.23
9/9/19 12:00,6.27,9.6,0.081,0.035,1.59,0.596,26.8,40.1,5.8
9/9/19 12:02,6.27,9.3283,0.0807,0.045,1.53,0.642,26.4,39.2,5.89
9/10/19 12:00,5.22,9.3,0.076,0.027,1.21,0.595,27.6,40.9,5.09
9/11/19 12:00,4.29,11.1,0.072,0.024,0.93,0.584,28.3,41.8,4.29
9/12/19 12:00,3.67,8.7,0.066,0.026,0.7,0.576,27.8,41.8,3.33
9/13/19 12:00,3.09,7.1,0.065,0.028,0.55,0.56,29,43,3.04
9/14/19 12:00,113,21.9,0.098,0.032,0.39,0.666,30.8,44.8,2.91
9/14/19 20:00,250,155,0.6,0.2,5.2,1.931,14.4,17.5,7.34
9/15/19 4:00,218,89.5,0.486,0.204,4.83,1.504,14.2,18,7.57
9/15/19 12:00,154,68.2,0.382,0.171,5.52,0.999,15.2,19.2,8.32
9/15/19 20:00,89.4,50.7,0.317,0.151,6.08,1.393,14.9,23.1,8.81
9/16/19 4:00,42.6,42.4,0.27,0.166,5.62,1.24,16.9,27.4,8.82
9/16/19 12:00,24.4,43.197,0.2551,0.171,5.25,1.341,18.6,31.6,9.29
9/17/19 12:00,10.2,23.321,0.1912,0.1,4.2,1.091,21.1,36.2,8.5
9/18/19 12:00,6.37,14.936,0.1621,0.091,3.14,0.849,21.9,37.2,7.96
9/19/19 12:00,4.16,15.353,0.1486,0.079,2.41,0.808,23.1,38.4,7.35
9/20/19 12:00,3.53,13.725,0.1344,0.071,1.98,0.703,24,39.7,6.5
9/21/19 12:00,2.97,18.366,0.1257,0.062,1.53,0.828,24,39.3,5.41
9/22/19 12:00,4.1,14.854,0.1174,0.052,1.17,0.755,24.7,40.4,4.93
9/23/19 12:00,4.41,24.937,0.1329,0.054,0.68,0.728,24.4,38,4.09
9/23/19 13:34,6.25,18.62,0.1301,0.053,0.67,0.724,24.8,38,4.18
9/23/19 20:00,9.51,27.898,0.1358,0.061,1.21,1.41,23.9,37.8,5.41
9/24/19 20:00,5.07,17.521,0.1203,0.054,0.47,0.663,26.1,43.1,4.17
9/25/19 20:00,5.8,10.807,0.1086,0.049,0.15,0.674,30.1,45.8,3.84
9/26/19 20:00,4.35,7.7959,0.1013,0.053,0.22,0.559,25.5,41.6,2.62
9/27/19 20:00,5.75,90.729,0.2232,0.076,1.52,0.851,22.2,34,2.68
9/28/19 4:00,11,114.41,0.299,0.08,1.7,1.023,17.8,29.2,4.2
9/28/19 12:00,19.5,66.239,0.2169,0.07,2.02,0.932,19.2,30,5.19
9/28/19 20:00,15.5,46.357,0.373,0.221,6.15,1.26,16.8,33.5,7.4
9/29/19 20:00,8.82,18.604,0.2485,0.155,3.24,0.99,25.3,37.7,7.83
9/30/19 4:00,16.7,42.053,0.2168,0.11,2.95,1.041,23,35.7,7.13
9/30/19 11:40,276,137.3,0.365,0.073,2.79,1.356,14.2,24,6.52
9/30/19 12:00,282,145.7,0.38,0.103,3.29,1.167,13.6,25,6.24
9/30/19 20:00,305,67.146,0.363,0.178,4.8,1.363,15.7,28.1,8.07
10/1/19 4:00,362,73.378,0.297,0.157,6.64,1.595,23.7,30.3,8.17
10/1/19 12:00,320,73.469,0.288,0.107,7.1,1.478,22.3,32,8.57
10/1/19 20:00,243,48.176,0.2318,0.106,10.41,1.388,21.8,36.1,9.35
10/2/19 4:00,194,40.841,0.2056,0.096,10.82,1.359,21.8,37.6,10.18
10/2/19 12:00,127,34.891,0.1803,0.088,10.72,1.313,23.1,40.7,10.11
10/3/19 12:00,42.6,33.375,0.1564,0.074,8.29,1.117,24.2,45.3,10.34
10/4/19 12:00,16.6,13.962,0.1256,0.072,6.19,0.869,25.3,46.9,10.12
10/5/19 12:00,10.2,11.58,0.1108,0.065,4.83,0.789,25.5,47.3,9.81
10/6/19 12:00,7.67,12.402,0.0982,0.048,3.73,0.767,26.4,48.1,8.62
10/7/19 4:00,6.34,18.604,0.0983,0.05,3.15,0.774,26,47.6,8.21
10/7/19 12:00,5.54,9.085,0.0933,0.036,2.92,0.741,26.4,48.7,8.18
10/7/19 12:05,5.54,7.7972,0.087,0.052,2.93,0.666,26.4,48.8,8.44
10/8/19 12:00,5.15,6.3979,0.0707,0.025,2.33,0.634,27,49.1,7.3
10/9/19 12:00,4.11,6.5359,0.064,0.009,1.75,0.744,27,49.6,6.54
10/10/19 12:00,3.79,6.5876,0.0572,0.011,1.39,0.673,27.7,50.3,5.62
10/11/19 12:00,4.08,6.3131,0.0564,0.012,0.98,0.633,28.7,50.2,4.44
10/12/19 12:00,4.38,5.8139,0.0558,0.014,0.73,0.529,27.6,49.1,3.85
10/13/19 12:00,3.74,7.1581,0.0514,0.007,0.5,0.519,29.2,49.7,3.39
10/14/19 4:00,3.72,10.946,0.053,0.005,0.36,0.569,29.6,49.9,3.08
10/14/19 11:08,3.72,9.7765,0.0517,0.007,0.27,0.534,29.8,50.4,2.84
10/14/19 12:00,3.72,6.9052,0.05,0.013,0.26,0.565,30.3,51.2,2.74
10/15/19 12:00,3.7,6.6225,0.045,0.01,0.16,0.527,30.9,50.8,2.13
10/16/19 12:00,3.99,7.3089,0.048,0.009,0.13,0.586,30.7,50.8,1.66
10/17/19 12:00,3.38,3.4388,0.041,0.006,0.09,0.525,31.7,51.8,1.45
10/18/19 12:00,3.09,6.6889,0.042,0.006,0.08,0.517,32.1,51,1.12
10/19/19 12:00,2.81,3.3047,0.038,0.004,0.07,0.524,31.7,50.5,0.94
10/20/19 12:00,2.55,5.3763,0.04,0.002,0.03,0.539,32.6,50.2,0.8
10/21/19 4:00,2.54,10.457,0.042,0.004,0.03,0.496,34,50.3,0.74
10/21/19 11:03,2.54,9.6898,0.042,0.005,0.03,0.48,34.5,51.4,0.7
10/21/19 12:00,2.79,10.316,0.043,0.004,0.22,0.578,32.7,48.2,0.73
10/22/19 12:00,2.07,9.4086,0.05,0.004,0.22,0.498,31.8,47.5,0.86
10/23/19 12:00,2.06,10.554,0.052,0.003,0.23,0.483,32.9,47.7,0.85
10/24/19 12:00,1.64,8.9571,0.053,0.003,0.22,0.5,33.4,47.1,0.84
10/25/19 12:00,2.73,11.92,0.058,0.004,0.3,0.52,35.4,46.2,0.77
10/26/19 12:00,2.71,11.726,0.059,0.004,0.21,0.56,33.8,44.3,0.84
10/26/19 20:00,9.05,161.29,0.337,0.087,1.15,1.358,21.7,32.5,2.09
10/27/19 4:00,132,76.013,0.246,0.035,2.99,1.586,17.9,28.1,5.66
10/27/19 12:00,323,45.766,0.455,0.271,4.09,1.378,22.3,32.4,7.07
10/27/19 20:00,487,96.846,0.952,0.663,7.23,2.015,31.8,35.5,7.17
10/28/19 4:00,490,77.748,0.692,0.432,7.5,1.981,25.6,29.6,7.6
10/28/19 12:00,432,57.3,0.443,0.249,8.87,1.559,24.9,33.2,8.38
10/28/19 12:36,427,52.664,0.455,0.237,9.02,1.795,25.4,33.6,8.28
10/29/19 12:00,228,23.6,0.239,0.195,8.64,0.988,27.6,44.3,9.01
10/30/19 12:00,112,9.9,0.165,0.093,6.82,0.772,27.2,47.3,9.29
10/30/19 20:00,116,31.7,0.193,0.083,5.76,0.791,24.5,44.1,8.86
10/31/19 4:00,360,40.2,0.197,0.05,5.09,0.976,20.1,38.2,8.99
10/31/19 12:00,632,138.7,0.379,0.053,5.77,1.767,18,28.4,8.01
10/31/19 20:00,921,157.9,0.508,0.129,7.92,1.717,19,28.4,8.17
11/1/19 4:00,1060,129.8,0.559,0.185,8.88,2.038,17.8,25.9,7.82
11/1/19 12:00,1090,100.4,0.501,0.146,9.15,2.049,17.8,27.1,8.09
11/1/19 20:00,933,61.9,0.409,0.139,8.88,1.757,17.8,28.1,8.24
11/2/19 4:00,674,56.1,0.339,0.117,8.63,1.565,18.5,31,8.28
11/2/19 12:00,546,42.9,0.279,0.111,8.31,1.275,19,33,8.6
11/3/19 12:00,334,23.9,0.175,0.069,7.02,0.753,20.3,38.5,9.14
11/4/19 12:00,183,17.8,0.129,0.061,5.78,0.661,21.6,42.4,9.28
11/4/19 20:00,143,18.577,0.1228,0.0689,5.72,0.671,22.4,46.2,9.6279
11/5/19 20:00,57.3,11.938,0.1034,0.0611,4.9,0.597,23.7,49.2,9.6021
11/6/19 20:00,16.6,5.9249,0.0898,0.0525,4.23,0.573,24.9,51.4,9.4226
11/7/19 20:00,,4.008,0.0793,0.0409,3.83,0.546,25.3,53,9.3196
11/8/19 20:00,,1.9659,0.0743,0.0329,3.61,0.596,26.8,55.3,9.3028
11/9/19 20:00,,6.3411,0.0675,0.0694,3.38,0.541,26.8,55.9,9.0525
11/10/19 20:00,,9.2526,0.0666,0.0176,3.17,0.518,27.3,56.4,8.8657
11/11/19 12:00,,1.9815,0.059,0.02,3.01,0.495,28.4,57.8,8.8231
11/11/19 12:32,,0.68635,0.056,0.0223,2.99,0.489,28.6,58.1,8.8004
11/11/19 20:00,,5.4385,0.0515,0.0087,2.96,0.452,26.8,55.4,8.5804
11/12/19 20:00,,4.4416,0.0492,0,2.81,0.491,27.3,56.5,8.2567
11/13/19 20:00,,1.9867,0.0501,0.0016,2.74,0.479,28.8,58,8.2502
11/14/19 20:00,,4.7393,0.0496,0.001,2.69,0.472,29.9,59.6,8.2167
11/15/19 20:00,,4.5781,0.049,0.0009,2.59,0.445,29.7,59.3,7.9946
11/16/19 20:00,,5.9366,0.0499,0.0052,2.48,0.419,31.1,60.6,7.8346
11/17/19 20:00,,4.6604,0.0514,0.0012,2.52,0.476,33.7,63.4,7.8855
11/18/19 4:00,4.35,6.1919,0.0561,0.0055,2.52,0.496,34.9,63.1,7.877
11/18/19 11:54,8.9,4.5572,0.0679,0.0317,2.57,0.407,35.9,64.1,7.8992
11/18/19 12:00,8.9,2.6212,0.0704,0.0225,2.27,0.42,34.5,61.5,7.6649
11/19/19 12:00,29.3,2.9069,0.0576,0.0126,2.4,0.459,37.8,61.7,7.4739
11/20/19 12:00,25.9,19.871,0.0717,0.0214,2.37,0.467,34.5,62.1,7.4972
11/21/19 12:00,8.84,3.984,0.0481,0.0156,2.39,0.367,33,62.8,7.3196
11/22/19 12:00,,1.9854,0.0473,0.014,2.14,0.566,31.2,62,6.8559
11/23/19 12:00,,4.1236,0.0439,0.0072,2.01,0.407,32.3,63.2,6.514
11/24/19 12:00,,5.829,0.0396,0.0088,1.88,0.423,32.3,64.1,6.3088
11/25/19 12:00,,3.7617,0.036,0.0069,1.7,0.382,31.1,63,5.6026
11/26/19 12:00,,5.42,0.0343,0.0096,1.49,0.32,32,65.2,4.9677
11/27/19 12:00,,13.185,0.0558,0.0099,1.47,0.523,33.4,61.1,4.6409
11/28/19 12:00,42.9,13.689,0.0726,0.0231,1.88,0.556,33.9,61.7,5.3508
11/29/19 12:00,56.5,10.06,0.0696,0.0238,2.25,0.56,39,63.2,5.8155
11/30/19 12:00,31,5.4274,0.0581,0.0182,2.41,0.555,32.3,61,6.4594
12/1/19 12:00,64.4,24.041,0.0967,0.0235,2.32,1.971,31.1,55.6,6.4153
12/2/19 12:36,292,44.598,0.2076,0.068,4.71,0.883,27.5,47.4,7.9965
12/2/19 20:00,242,44.079,0.1975,0.0699,4.53,1.158,26.6,46.9,8.2789
12/3/19 20:00,126,16.497,0.1227,0.0593,4.2,0.848,27.3,50.3,8.6302
12/4/19 20:00,76.9,10.073,0.0831,0.0443,3.63,0.628,27,53.2,8.6271
12/5/19 20:00,31.8,7.2098,0.0758,0.0366,3.15,0.626,29.2,59,8.3646
12/6/19 20:00,,6.4766,0.0578,0.0256,2.99,0.586,29.3,61.4,7.6335
12/7/19 20:00,,6.0443,0.0506,0.0197,2.64,0.481,30.3,64.1,6.6335
12/8/19 20:00,,4.0761,0.0485,0.015,2.47,0.476,30.9,65.5,6.1588
12/9/19 12:00,,20.116,0.083,0.0235,2.36,0.617,30,63.6,5.2162
12/9/19 12:29,,20.92,0.0823,0.0226,2.41,0.548,30.4,64.8,5.4001
12/9/19 20:00,85.6,25.641,0.1211,0.028,2.51,0.56,28.7,58.7,5.8959
12/10/19 4:00,441,104.29,0.271,0.0543,4.17,1.15,30.1,55.7,6.71
12/10/19 12:00,522,140,0.4398,0.1042,5.69,1.537,25.7,42.8,7.6681
12/10/19 20:00,468,89.866,0.389,0.1001,6.88,1.76,24,39.7,7.92
12/11/19 4:00,368,58.201,0.2967,0.1078,7.08,1.272,25.3,42.1,8.2197
12/11/19 12:00,274,39.812,0.2295,0.0804,6.46,1.063,25.9,43.9,8.4019
12/11/19 20:00,190,28.93,0.1774,0.0747,5.99,0.939,25.7,45.8,8.5328
12/12/19 20:00,90.1,17.621,0.1026,0.0475,4.97,0.606,25.9,52.8,8.6635
12/13/19 20:00,34.6,9.9733,0.0689,0.0312,4.15,0.433,26.4,57.7,8.635
12/14/19 20:00,19.5,9.4212,0.057,0.0224,3.61,0.428,26.9,60.9,7.9019
12/15/19 20:00,7.74,8.344,0.0484,0.0185,3.15,0.404,27.3,62.4,7.0405
12/16/19 12:00,,7.1801,0.0429,0.0138,2.93,0.362,28.1,63.4,6.5519
12/16/19 12:48,,4.895,0.0414,0.0162,2.94,0.28,28.8,65,6.6487
12/17/19 20:00,,13.95,0.0328,0.0087,2.55,0.406,28.9,64.2,5.5653
12/19/19 20:00,,17.318,0.0313,0.0057,2.47,0.438,33.4,72.2,5.0835
12/21/19 20:00,,15.272,0.0258,0.0052,2.21,0.434,34.5,74.5,4.3977
12/23/19 20:00,,8.1632,0.0249,0,1.96,0.347,35.7,75.7,3.4126
12/25/19 20:00,,6.6489,0.0263,-0.001,1.61,0.368,33.3,72.7,2.7128
12/27/19 20:00,,6.1686,0.0287,0,1.27,0.423,29.9,71.6,1.6824
12/29/19 20:00,449,169.85,0.4612,0.0775,4.79,1.958,29.1,44.8,5.4386
12/30/19 20:00,1330,439.91,0.9826,0.0818,8.02,3.366,17.4,23.5,7.3992
12/31/19 20:00,600,128.84,0.4751,0.0853,7.43,1.838,17.3,26.8,7.5353
1/1/20 20:00,281,58.227,0.2245,0.0572,6.53,1.277,21,37.7,7.9514
1/2/20 20:00,208,34.854,0.1431,0.0404,5.65,0.929,23.2,45.3,8.1073
1/3/20 20:00,165,30.605,0.1254,0.0371,5.03,0.911,24.2,48.4,7.8766
1/4/20 20:00,98.5,22.312,0.1196,0.0341,4.58,0.784,25.4,50.9,7.7935
1/5/20 20:00,54.6,16.857,0.0947,0.0292,4.11,0.723,26,52.2,7.543
1/6/20 12:01,40.1,13.925,0.0804,0.0292,4.01,0.521,29.2,59.4,8.1828
1/6/20 20:00,31,20.093,0.0856,0.0291,4.17,0.602,28.8,59.6,7.9463
1/7/20 20:00,12.8,14.435,0.0741,0.0252,3.99,0.627,29.4,62.4,7.8026
1/8/20 20:00,2.61,13.601,0.0804,0.022,3.77,0.581,30.7,65.6,7.3379
1/9/20 20:00,8.34,14.407,0.077,0.0196,3.67,0.445,31.2,68.6,7.3933
1/10/20 20:00,494,133.17,0.321,0.0459,4.8,1.693,26.2,49.2,6.8689
1/11/20 4:00,858,226.89,0.649,0.0745,6.09,2.638,17.3,30.2,7.0772
1/11/20 12:00,991,189.02,0.6545,0.1004,6.3,2.659,15.4,23.7,7.1511
1/11/20 20:00,1200,246.41,0.7846,0.1056,5.46,3.094,12.7,20.1,6.7925
1/12/20 4:00,1640,284.83,0.9446,0.189,4.56,3.448,9.7,15.4,6.7748
1/12/20 12:00,2020,299.78,0.9993,0.0918,3.87,5.441,8,12.1,6.4434
1/12/20 20:00,2070,306.58,1.0038,0.1574,3.37,3.67,6.6,9.9,6.007
1/13/20 4:00,1740,150.98,0.7898,0.1806,3.3,3.169,6.7,11,6.0483
1/13/20 12:00,1260,121.34,0.6638,0.118,3.81,2.193,8.2,15.4,6.5075
1/13/20 12:10,1260,99.773,0.6766,0.1215,4,1.989,8.8,16.3,6.9588
1/13/20 20:00,818,101.01,0.5661,0.0928,4.41,1.404,9.6,20.6,7.3907
1/14/20 4:00,593,85.937,0.4738,0.078,4.62,1.125,11.2,24.7,7.5235
1/14/20 12:00,490,85.763,0.4033,0.0712,4.76,0.993,12.8,28.8,7.8126
1/14/20 20:00,411,75.289,0.3354,0.072,4.74,0.809,13.9,32.1,7.9806
1/15/20 20:00,260,53.136,0.2048,0.057,4.78,0.94,17.5,42.3,8.158
1/16/20 20:00,165,31.399,0.143,0.0478,4.57,0.727,19.5,48.9,8.3224
1/17/20 20:00,90.1,23.121,0.1184,0.0479,4.36,0.614,20.9,53.9,8.367
1/18/20 20:00,450,88.401,0.235,0.0613,3.87,0.789,17.1,39.4,7.3484
1/19/20 4:00,935,153.38,0.4765,,3.83,1.019,14.6,23.9,
1/19/20 12:00,1030,120.48,0.4743,0.0949,4.01,1.205,10.2,17,6.1491
1/19/20 20:00,705,82.474,0.4102,0.0985,4.35,1.059,10.1,18.9,6.4036
1/20/20 12:00,222,52.056,0.2687,0.0749,4.91,1.051,13.7,29.8,7.281
1/20/20 12:24,278,47.681,0.2612,0.0692,4.99,1.068,14.1,30.8,7.6637
1/20/20 20:00,326,55.226,0.218,0.0548,5.05,0.919,16.9,34.9,7.4605
1/21/20 20:00,134,27.009,0.1094,0.0368,4.92,0.463,19.9,46.3,7.9107
1/22/20 20:00,112,20.08,0.0796,0.0316,4.62,0.423,22.2,53.7,8.1867
1/23/20 20:00,56.4,13.932,0.0691,0.0268,4.32,0.485,23.2,56.5,7.8788
1/24/20 20:00,185,52.532,0.1648,0.0377,3.49,0.906,20.8,45.9,7.0151
1/25/20 4:00,483,100.99,0.2814,0.057,3.9,1.222,21.7,38.8,6.9061
1/25/20 12:00,657,140.39,0.4103,0.0788,3.93,1.52,15.7,29.2,6.6346
1/25/20 20:00,686,124.16,0.4372,0.0697,4.3,2.149,13.3,23.6,6.5447
1/26/20 4:00,692,100.18,0.423,0.068,4.82,1.483,13.1,23.2,6.7134
1/26/20 12:00,638,91.88,0.4093,0.0674,5.14,1.432,12.9,24.1,6.9659
1/26/20 20:00,552,75.268,0.3646,0.0584,5.17,1.561,13.8,26.5,7.0973
1/27/20 12:00,484,59.845,0.3093,0.0512,5.3,1.329,15.2,31.3,7.3292
1/27/20 12:28,484,59.201,0.2972,0.0438,5.42,1.208,15.6,32.2,7.7042
1/27/20 20:00,438,64.429,0.2881,0.0437,5.23,1.394,16.2,36.2,7.6093
1/28/20 20:00,374,53.398,0.2533,0.0553,5.2,1.188,17,40,7.8493
1/29/20 20:00,265,48.55,0.1986,0.046,4.95,0.991,18.4,45,8.1965
1/30/20 20:00,167,33.967,0.1387,0.038,4.62,0.812,20.2,51.5,8.3783
1/31/20 20:00,120,25.259,0.1029,0.029,4.21,0.706,21.6,56,8.331
2/1/20 20:00,117,21.011,0.0875,0.022,4.1,0.456,22.3,60.2,8.2166
2/2/20 20:00,112,19.028,0.0877,0.0237,4.09,0.548,22.4,61.8,8.1201
2/3/20 12:00,83.8,18.88,0.0877,0.0197,4,0.531,22.5,62.8,7.7922
2/3/20 12:02,83.8,18.319,0.0857,0.016,4.13,0.59,23.3,64.7,8.0734
2/4/20 4:00,63.7,18.221,0.0736,0.033,3.87,0.497,23,64.7,6.4722
2/4/20 12:00,56.4,15.851,0.0698,0.0265,3.84,0.502,23.2,65.7,6.279
2/17/20 20:00,22.5,31.645,0.0908,0.0136,3.92,0.567,26.8,67.6,5.9348
2/18/20 12:00,54.8,22.073,0.0786,0.0147,3.67,0.5,25.7,65.6,5.5753
2/18/20 20:00,267,129.87,0.3545,0.0276,4.41,1.395,22.9,53.7,5.6425
2/19/20 4:00,343,159.91,0.4946,0.0452,5.12,1.521,18.2,42.6,5.7673
2/19/20 12:00,239,133.87,0.5461,0.0339,5.3,1.399,16.9,35.7,5.7266
2/19/20 20:00,147,106.83,0.4252,0.0291,5.3,1.527,17.6,38,5.9082
2/20/20 20:00,62,44.887,0.1601,0.0231,4.96,0.803,21,50.7,6.4434
2/21/20 20:00,46.9,24.39,0.0828,0.0171,4.56,0.508,23.7,59.8,6.3866
2/22/20 20:00,41.3,18.855,0.0688,0.0179,4.16,0.458,24.4,64.6,6.1843
2/23/20 20:00,19.5,16.891,0.0566,0.0118,4.03,0.397,24.8,66.2,5.6756
2/24/20 12:00,11,12.907,0.0513,0.0061,3.87,0.377,24.7,67.1,5.5113
2/24/20 12:20,11,14.677,0.0498,0.0073,4,0.435,25.5,69,5.5203
2/24/20 20:00,11.6,27.609,0.0554,0.0084,3.46,0.449,24.1,64.3,4.918
2/25/20 12:00,89.1,70.967,0.1725,0.0193,3.76,0.725,25.3,55,4.7725
2/25/20 20:00,130,90.136,0.2628,0.0297,4.22,1.287,26.9,47.8,5.0569
2/26/20 4:00,254,103.13,0.3133,0.0304,4.68,1.255,21,41.2,5.3782
2/26/20 12:00,374,148.08,0.4685,0.025,5.35,1.786,23.9,36.4,5.6541
2/26/20 20:00,368,115.68,0.4914,0.0336,5.6,1.745,19.8,32.8,5.6857
2/27/20 4:00,310,99.056,0.4401,0.0305,5.59,1.555,21,33.5,5.7662
2/27/20 12:00,245,69.565,0.3682,0.0301,5.53,1.761,22.9,35.7,5.9659
2/27/20 20:00,188,65.04,0.2975,0.0331,5.51,1.241,23.1,39.1,6.0106
2/28/20 20:00,109,36.625,0.1746,0.0264,5.05,0.853,26.4,47.3,6.0622
2/29/20 20:00,80.9,28.957,0.1089,0.0269,4.54,0.703,25.7,53.2,6.1287
3/1/20 20:00,61.2,24.746,0.0867,0.0156,4.1,0.619,26.7,56.4,5.8158
3/2/20 12:00,641,409.25,0.6703,0.0406,4.07,1.909,17.3,28.5,5.0969
3/2/20 20:00,1030,628.35,1.1061,0.0781,3.8,3.186,12.8,15.5,5.038
3/3/20 4:00,1380,576.85,1.2088,0.0869,3.43,4.076,9.9,12.6,4.8909
3/3/20 12:00,1220,273.56,0.997,0.0755,3.42,3.085,9.8,13.5,5.0477
3/3/20 20:00,729,190.11,0.7872,0.0634,3.82,1.66,10.9,18.9,5.5406
3/4/20 4:00,464,144.48,0.6833,0.063,4.04,1.833,12,23.1,5.74
3/4/20 12:00,328,139.7,0.5441,0.0512,4.2,1.725,13.5,27.2,5.9923
3/4/20 20:00,221,125.68,0.4372,0.0477,4.29,1.4,14.9,31.7,6.1938
3/5/20 20:00,90.2,62.96,0.2075,0.0347,4.29,1.049,18.8,43.5,6.3595
3/6/20 20:00,54.8,33.574,0.1266,0.034,4.04,0.724,21.6,52.1,6.245
3/7/20 20:00,30,24.057,0.0958,0.022,3.79,0.557,22.9,56.5,6.0161
3/8/20 20:00,21.7,20.408,0.0816,0.0134,3.66,0.563,24,60.8,5.6733
3/9/20 12:00,18.8,19.23,0.0645,0.0198,3.66,0.504,23.5,60.6,4.994
3/9/20 12:28,18.1,12.311,0.0589,0.0052,3.67,0.461,24.4,63,5.3722
3/10/20 12:00,18.8,17.833,0.0576,0.0141,3.36,0.436,23.6,61.8,4.3617
3/11/20 12:00,16,13.716,0.0538,0.0194,3.16,0.49,26,64.3,4.1437
3/12/20 12:00,13.1,11.583,0.0481,0.0138,3.06,0.492,26.4,65.3,4.0891
3/13/20 12:00,15.6,15.122,0.0476,0.015,2.99,0.325,27.1,66.4,3.8511
3/14/20 12:00,11.2,16.025,0.043,0.0092,2.7,0.351,27.8,69.1,3.1962
3/15/20 12:00,6.73,11.748,0.0392,0.006,2.72,0.559,27.4,68.5,2.8322
3/16/20 4:00,6.11,12.467,0.0375,0.0076,2.63,0.556,27,69.1,2.4898
3/16/20 12:32,6.36,8.9041,0.0328,0.0092,2.66,0.55,28,70.8,2.4682
4/11/20 12:00,25.9,33.018,0.1027,0.0307,4.36,0.762,19.6,50.3,5.8345
4/13/20 12:00,16.1,21.883,0.054,0.0116,3.53,0.59,22.3,57.8,2.7533
4/20/20 12:00,70.4,21.333,0.0534,0.0061,4.25,0.714,20.7,42.7,2.9636
4/27/20 12:00,1.21,12.894,0.0307,0,1.94,0.53,26.4,62.9,0.2157
5/2/20 12:00,0.4,8.1658,0.0436,0.003,1.53,0.819,27.2,63.8,0.4467
5/4/20 12:00,0,10.416,0.0454,-0.002,1.24,0.806,28.2,60.9,0.5407
5/11/20 12:00,0,7.6433,0.0437,-0.001,0.69,0.586,31,65.4,0.4655
5/14/20 12:00,0,8.3816,0.1398,0.0699,1.03,2.052,30.5,64.4,0.3853
5/15/20 12:00,0.31,13.452,0.0624,-0.003,0.79,0.797,30.1,62.1,0.7598
5/16/20 12:00,98.3,24.238,0.1605,0.0566,3.15,1.503,30.1,54.5,2.7851
5/17/20 10:45,85.9,59.796,0.2004,0.0305,8.35,1.794,22.4,38.3,6.5896
5/18/20 12:00,35.2,87.041,0.1959,0.0454,6.04,1.51,21.9,43.3,6.5643
5/19/20 12:00,1970,316.66,0.77,0.1241,10.04,3.451,11,15.9,6.6192
5/24/20 12:00,52.5,35.851,0.1502,0.049,4.71,0.965,18.8,45.5,8.0524
5/26/20 12:00,19.5,19.269,0.1147,0.0468,3.49,0.798,21.5,52.3,6.585
5/28/20 12:00,9.35,18.542,0.1142,0.0467,2.58,0.794,21.7,52.7,5.0427
5/29/20 12:00,142,104.74,0.3007,0.0618,6.88,1.848,14.5,34.2,6.2236
5/30/20 12:00,250,185.95,0.3855,0.0539,7.36,2.192,15.4,33.5,7.212
5/31/20 12:00,59.6,61.881,0.2214,0.0507,6.99,1.458,14.7,32.9,7.9449
6/1/20 12:00,49.3,41.477,0.146,0.0506,5.86,0.799,18.1,41.2,7.5167
6/1/20 12:11,49.3,27.38,0.131,0.053,5.68,0.977,17.4,40.6,7.6793
6/2/20 12:00,36.5,29.132,0.1112,0.0437,4.67,0.708,20.6,47.3,6.1085
6/3/20 12:00,31.9,26.315,0.1006,0.0374,3.79,0.799,22.1,51.4,4.9104
6/4/20 12:00,26.3,23.411,0.0982,0.0347,2.95,0.732,23.3,54.8,3.8173
6/5/20 12:00,22.9,19.471,0.0866,0.0357,2.4,0.704,24.5,55.2,3.2958
6/6/20 12:00,19.1,19.243,0.0903,0.0373,1.95,0.633,24.5,56.3,2.9484
6/7/20 12:00,16.3,18.276,0.0927,0.0387,1.66,0.663,24.9,57.1,2.9432
6/8/20 12:00,13.6,16.005,0.087,0.0359,1.41,0.613,25.5,56.8,2.7501
6/9/20 12:00,11.1,13.663,0.0853,0.0357,1.32,0.611,25.6,55.7,2.6968
6/10/20 12:00,11.6,12.674,0.0926,0.0407,1.43,0.662,26.2,54.8,2.7924
6/11/20 12:00,11,12.698,0.1031,0.0502,1.25,0.72,24.8,53.3,3.2245
6/12/20 12:00,9.29,10.06,0.0965,0.0502,1.08,0.656,27.4,56.2,2.9519
6/13/20 12:00,6.04,15.331,0.1042,0.049,0.82,0.729,25.6,55.2,2.8034
6/14/20 12:00,6,12.056,0.1017,0.0485,0.75,0.615,26,54,2.8931
6/15/20 12:00,5.21,12.195,0.0928,0.0404,0.7,0.657,26.3,53.4,2.5215
6/15/20 13:15,5.21,7.0876,0.0924,0.0479,0.74,0.63,26.9,54.2,2.6316
6/15/20 20:00,4.84,15.968,0.1068,0.0437,0.7,0.667,26.3,52.4,2.425
6/16/20 20:00,3.83,8.7064,0.0955,0.0471,0.66,0.664,26.6,51.9,2.6036
6/17/20 20:00,4.12,8.4033,0.0939,0.0465,0.02,0.676,26.3,50.6,2.5602
6/18/20 20:00,3.78,7.7519,0.0916,0.0427,0.55,0.657,27.4,50.5,2.4017
6/19/20 20:00,3.46,9.2715,0.0951,0.0441,0.45,0.649,27.3,50.1,2.4805
6/20/20 20:00,2.65,9.5177,0.095,0.0432,0.42,0.703,27.6,49.1,2.5981
6/21/20 20:00,2.39,12.674,0.1026,0.0422,0.33,0.68,28.5,49,2.8981
6/22/20 4:00,2.62,21.248,0.1127,0.0413,0.37,0.661,28.1,48.2,2.9484
6/22/20 11:52,2.37,13.183,0.1111,0.0485,0.34,0.687,28.8,49.2,3.0712
6/22/20 12:00,2.37,19.244,0.1243,0.0423,0.32,0.763,28,48.3,3.0956
6/23/20 12:00,3.68,29.119,0.1496,0.053,0.57,0.86,25.5,45.2,3.9707
6/23/20 20:00,6.53,24.674,0.1238,0.0456,0.58,0.644,25.8,46.5,4.3373
6/24/20 4:00,9.88,23.702,0.1414,0.0622,0.6,0.806,25.9,45.3,4.7437
6/24/20 12:00,12.8,22.546,0.1398,0.0586,0.91,0.721,26.5,45.6,4.9396
6/24/20 20:00,14.8,24.984,0.1539,0.0637,0.85,0.882,28.2,47.6,4.8408
6/25/20 4:00,12.8,25.342,0.1541,0.0774,0.93,0.87,30.2,47.9,5.1409
6/25/20 12:00,10.4,21.497,0.1614,0.0812,0.93,0.834,31.3,49.9,5.5866
6/26/20 12:00,4.64,18.055,0.1401,0.0692,1.5,0.847,27,43.6,5.5431
6/27/20 12:00,3.68,20.543,0.1347,0.0717,1.83,0.81,24.4,41.7,5.3473
6/28/20 12:00,3.12,16.689,0.1202,0.061,1.5,0.739,24.8,41.1,4.9223
6/29/20 4:00,2.86,17.071,0.1141,0.0564,1.41,0.757,25.1,41.1,4.5645
6/29/20 12:00,2.61,15.094,0.1091,0.0487,1.73,0.928,25,40.9,4.5485
6/29/20 12:49,2.61,14.915,0.107,0.0564,1.59,0.812,26,42.8,4.5689
6/30/20 12:00,1.93,9.7087,0.0974,0.0395,1.6,0.819,25.8,42,4.1591
7/1/20 12:00,1.13,9.3645,0.095,0.0405,1.11,0.739,26.7,42.5,3.7086
7/2/20 12:00,0.82,15.101,0.0945,0.0413,0.76,0.754,27.4,42.7,3.3886
7/3/20 12:00,0.8,15.355,0.0908,0.0399,0.52,0.748,29.5,42.8,3.1552
7/4/20 12:00,0.67,11.732,0.0862,0.039,0.33,0.739,28.9,42.7,2.8633
7/5/20 12:00,0.36,11.096,0.0856,0.0348,0.21,0.719,28.8,42.4,2.7603
7/6/20 4:00,0.22,25.54,0.0924,0.0293,0.16,0.682,28.9,42.4,2.5158
7/6/20 12:00,0.35,13.054,0.0866,0.0265,0.13,0.649,29.5,42.4,2.626
7/6/20 12:35,0.21,8.4635,0.0848,0.0308,0.15,0.713,29.6,43.2,2.4755
7/7/20 12:00,0.18,11.728,0.0863,0.0205,0,0.733,29.9,42.2,2.4611
7/8/20 12:00,0,11.307,0.0873,0.031,0.11,0.702,30.4,42,2.4487
7/9/20 12:00,0,11.235,0.1035,0.0388,0.1,0.762,30.3,41.3,2.6976
7/10/20 12:00,0,26.437,0.1343,0.0414,0.11,0.823,30.5,40.9,2.8446
7/11/20 12:00,0.98,34.759,0.1761,0.0695,0.56,1.247,28,41,3.5158
7/12/20 12:00,2.13,17.391,0.1257,0.0335,0.11,0.787,28,37.9,4.0717
7/13/20 4:00,4.02,23.926,0.1397,0.0548,0.15,0.776,27.6,32.7,5.676
7/13/20 12:00,3.14,21.39,0.14,0.04,0.26,0.869,28.2,39.6,5.9765
7/13/20 12:35,3.14,22.697,0.1342,0.0443,0.33,0.779,28.3,36.3,6.1654
7/14/20 12:00,1.44,25.948,0.1237,0.0321,0.04,0.733,32.3,47.1,3.8371
7/15/20 12:00,0.79,32.854,0.1397,0.0304,0.01,0.806,36.2,48.9,3.2811
7/16/20 12:00,0.78,25.128,0.1364,0.0298,0,0.838,37,50.1,3.1437
7/17/20 12:00,0.35,21.963,0.1362,0.0325,0.05,0.906,0,49.7,3.3439
7/18/20 12:00,0.34,23.504,0.1455,0.0419,0,0.931,36.5,48.9,3.4285
7/19/20 12:00,0.15,20.434,0.1434,0.0426,0,0.897,36.2,48.3,3.4979
7/20/20 4:00,0.33,30.678,0.1451,0.041,0.01,0.838,36.2,48.3,3.4715
7/20/20 12:00,0,22.121,0.1357,0.0462,0.04,1.024,38.2,49.1,3.6563
7/20/20 12:32,0,19.595,0.1519,0.0302,0.03,0.925,37,49.5,3.6706
7/21/20 12:00,0,18.122,0.1325,0.0385,0.05,1.044,37.8,48.6,3.4903
7/22/20 12:00,0,16.624,0.1322,0.0501,0.01,1.053,38,48.3,3.1158
7/23/20 12:00,0,14.751,0.1282,0.0436,0.02,0.953,38.2,47.8,2.9761
7/24/20 12:00,0,17.566,0.1379,0.0442,0.01,0.872,38.3,47.2,2.9074
7/25/20 12:00,0,21.152,0.1632,0.0459,0.02,1.135,38.7,46.9,2.9388
7/26/20 12:00,0,26.121,0.1601,0.0402,0.03,1.058,38.8,46.7,2.7972
7/27/20 4:00,0,20.161,0.1359,0.0375,0.01,0.874,39,46.7,2.7985
7/27/20 12:00,0,23.317,0.1578,0.0401,0,1.071,37.7,46.8,2.7903
7/27/20 12:35,0,16.925,0.1257,0.0378,0.03,0.907,39.3,46.3,2.9265
7/28/20 12:00,0,20.721,0.1839,0.0552,0.06,1.115,35.3,44.6,3.0386
7/29/20 12:00,0,16.447,0.1667,0.0588,0.05,1.109,35.3,44.7,2.7896
7/30/20 12:00,0,16.645,0.1395,0.0478,0.04,0.934,35.3,44.7,2.292
7/31/20 12:00,0,17.988,0.1395,0.0356,0.01,0.952,35.7,45.3,1.9739
8/1/20 12:00,0,32.763,0.1691,0.035,0.01,1.011,35.1,44.5,1.6573
8/2/20 12:00,0.39,28.668,0.2266,0.1067,2.01,1.273,20.9,50.5,2.1767
8/3/20 12:00,0.69,21.568,0.1249,0.0436,0.37,0.861,29.9,46.9,2.561
8/3/20 12:01,0.69,20.887,0.1464,0.0624,0.79,1.005,26.6,48.4,2.3583
8/3/20 12:30,0.82,18.704,0.1264,0.046,0.34,0.915,29.5,46.5,2.6077
8/4/20 12:00,1.26,17.964,0.1115,0.0328,0,0.863,32,38.7,3.7607
8/5/20 12:00,0.67,51.587,0.1391,0.0311,0,0.851,31.2,41.7,2.8354
8/6/20 12:00,0.45,22.77,0.1136,0.0289,0,0.767,30.6,42,2.5051
8/7/20 12:00,0.21,15.444,0.1006,0.0262,0,0.846,30.6,42.4,2.2249
8/8/20 12:00,0,10.714,0.1052,0.0266,0,0.825,30.4,42.5,1.9024
8/9/20 12:00,0,13.166,0.1026,0.0203,0,0.871,29.8,41.4,1.6757
8/10/20 4:00,0,15.635,0.0979,0.0227,0,0.891,30.3,42,1.5548
8/10/20 12:00,0,11.952,0.0898,0.032,0,0.944,31.3,43.3,1.525
8/10/20 12:14,0,9.1443,0.0928,0.0221,0,0.738,30.8,42.3,1.5663
8/11/20 12:00,0,14.397,0.109,0.0347,0,0.909,30.9,42.7,1.4615
8/12/20 12:00,0,16,0.1099,0.0321,0,0.884,30.5,41.7,1.3375
8/13/20 12:00,0,15.051,0.1077,0.0331,0,0.861,30.4,41.4,1.1854
8/14/20 12:00,0,13.627,0.1083,0.032,0,0.794,30.7,41.5,1.1212
8/15/20 12:00,0.46,20.905,0.2058,0.0978,1,1.209,25.5,45.3,1.4262
8/16/20 12:00,0.93,27.359,0.1507,0.053,0.39,1.041,27.1,42.7,1.7845
8/17/20 4:00,0.66,26,0.111,0.0349,0.03,0.837,35.3,35.4,2.7386
8/17/20 12:00,0.44,36.988,0.1366,0.0294,0.02,1.025,35.1,33.1,2.831
8/17/20 12:28,0.44,27.17,0.1057,0.0325,0.01,0.937,36,35.5,2.8099
8/18/20 12:00,0,28.534,0.1214,0.0231,0.01,0.952,33.6,32.3,2.1721
8/19/20 12:00,0,19.815,0.1004,0.0195,0,0.904,32.8,32,1.8669
8/20/20 12:00,0,22.508,0.109,0.0172,0.01,0.915,32.7,32.1,1.5929
8/21/20 12:00,0,15.121,0.0966,0.0174,0,0.916,32.8,32.4,1.4187
8/22/20 12:00,0,11.212,0.0885,0.0191,0,0.869,33.1,32.5,1.2181
8/23/20 12:00,0,12.516,0.0885,0.0135,0,0.836,33.3,32.4,1.1797
8/24/20 4:00,0,50.847,0.1305,0.0132,0,0.824,33.4,32.3,1.2389
8/24/20 12:00,0,15.12,0.1081,0.0233,0,0.874,33.4,33.5,1.1301
8/24/20 12:12,0,12.533,0.0994,0.0081,0.02,0.865,33.8,32.2,1.22
8/25/20 12:00,0,12.596,0.0991,0.0229,0,0.859,33.9,33.9,1.178
8/26/20 12:00,0,18.284,0.1022,0.0192,0,0.842,34.1,33.7,1.2446
8/27/20 12:00,0,15.647,0.1135,0.0185,0,0.949,34.1,33.4,1.2672
8/28/20 12:00,0,14.383,0.1162,0.0155,0,0.925,33.7,32.9,1.3924
8/29/20 12:00,0,27.6,0.1553,0.0289,0.74,1.015,27.7,37,1.8369
8/30/20 12:00,0,17.921,0.1334,0.0184,0.96,0.952,25.9,40.8,1.783
8/31/20 4:00,0,14.482,0.1139,0.0203,0.82,0.892,25.4,41.4,1.5686
8/31/20 12:00,0,43.971,0.1212,0.035,1,0.867,25.4,37.9,1.5161
8/31/20 12:36,0,14.433,0.1139,0.0145,0.79,0.887,25.5,42.2,1.5225
9/1/20 12:00,0,15.554,0.0915,0.0138,0.64,0.805,21.6,32,1.2984
9/2/20 12:00,0,19.125,0.0891,0.0082,0.5,0.829,25.3,38.5,1.1289
9/3/20 12:00,0,19.512,0.0973,0.0044,0.33,0.856,25.3,38.3,1.068
9/4/20 12:00,0,27.516,0.1315,0.0048,0.22,0.967,25.6,38.5,1.0314
9/5/20 12:00,0,29.819,0.1133,0,0.06,0.858,25.9,38.8,0.9994
9/6/20 12:00,0.81,29.974,0.0932,0.0118,0.07,0.822,33.7,26.2,1.6109
9/7/20 4:00,0.38,15.564,0.0718,0.0102,0.07,0.879,33.1,25.6,1.1817
9/7/20 10:45,0.3,19.522,0.0751,0.0113,0.22,0.901,31.2,24.2,1.1671
9/7/20 12:00,0.3,15.71,0.0746,0.0162,0,0.774,32,29.7,1.1651
9/8/20 12:00,0,14.003,0.0722,0.0202,0.04,0.736,30,29.9,1.3267
9/9/20 12:00,0,16.643,0.0828,0.0162,0,0.783,27.8,28.2,1.541
9/10/20 12:00,0,25.919,0.0906,0.0203,0,0.813,28.3,28.5,1.623
9/11/20 12:00,0,10.526,0.0788,0.0175,0,0.743,27.3,27.4,1.6506
9/12/20 12:00,0,9.9867,0.0758,0.0164,0,0.721,28.1,28.2,1.63
9/13/20 12:00,0.81,11.184,0.0654,0.0147,0,0.675,28,29.1,1.8253
9/14/20 4:00,0.47,31.413,0.0847,0.01,0,0.771,28.6,31,1.7201
9/14/20 13:20,0.47,25,0.0778,0.0123,0.01,0.714,29.2,31.7,1.7785
9/14/20 20:00,0.38,12.618,0.07,0.0095,0,0.665,27.2,28.3,1.6019
9/15/20 20:00,0.16,28.887,0.0831,0.0078,0,0.708,28.3,32.4,1.5786
9/16/20 20:00,0,11.132,0.0627,0.0042,0,0.654,27.9,34.3,1.6119
9/17/20 20:00,0,5.6179,0.0535,0.0039,0,0.605,27.9,35.6,1.5728
9/18/20 20:00,0,7.1105,0.0525,0.002,0,0.612,27.3,35.5,1.4735
9/19/20 20:00,0,12.422,0.0602,0.0092,0,0.648,26.8,35.3,1.3548
9/20/20 20:00,0,13.592,0.0569,0.0065,0,0.63,27.4,36.3,1.2746
9/21/20 12:39,0,52.157,0.0688,0.004,0,0.628,29,38.7,1.2258
10/22/20 4:00,162,104.39,0.3536,0.0488,1.22,1.439,58.8,98.4,4.8749
10/22/20 12:00,337,151.05,0.4673,0.1099,12.75,1.834,39.8,73.6,6.7558
10/22/20 20:00,373,85.106,0.3307,0.1095,14.34,1.606,32.6,65.8,7.5818
10/23/20 4:00,347,60.248,0.3305,0.1416,16.86,1.777,35.9,71.4,8.4314
10/23/20 12:00,284,42.071,0.2651,0.1145,17.07,1.694,33.8,74.7,8.8296
10/24/20 12:00,109,18.483,0.1758,0.0806,15.86,1.131,34.6,77.5,9.3559
10/25/20 12:00,55.9,15.231,0.1619,0.0804,13.62,1.158,35.5,82.7,9.8419
10/26/20 4:00,35.3,12.586,0.1479,0.0728,12.79,1.216,36.9,89.9,10.057
10/26/20 10:56,28.7,7.7419,0.1312,0.0722,12.48,1.148,38,93.9,10.275
10/26/20 12:00,27.3,14.388,0.1441,0.07,12.15,1.184,37.2,90.8,8.5598
10/27/20 12:00,12.7,8.447,0.1307,0.0693,11.09,0.977,39.9,97.9,8.506
10/28/20 12:00,7.64,7.4526,0.1208,0.0655,10.26,0.928,40.9,102.3,8.548
10/29/20 12:00,3.47,9.6022,0.1124,0.0575,9.18,0.966,41.6,105.4,8.4442
10/30/20 12:00,2.33,7.3825,0.1052,0.0549,8.38,0.885,43.2,109.4,8.4537
10/31/20 12:00,2.53,7.2944,0.1018,0.0503,6.75,0.931,44.7,108,8.0727
11/1/20 12:00,7.14,6.9492,0.1103,0.0516,5.97,0.908,54.7,116,7.8061
11/2/20 12:00,3.73,7.4173,0.1306,0.0677,5.23,0.942,67.5,122.8,8.1867
11/2/20 12:26,3.73,4.1724,0.1286,0.0707,5.11,0.97,66.5,120.4,8.2282
11/2/20 20:00,4.01,10.443,0.155,0.0778,4.88,0.96,71.4,125.4,8.5809
11/3/20 20:00,3.34,6.4226,0.1399,0.0773,4.4,0.923,64.6,125.1,8.214
11/4/20 20:00,2.73,4.7977,0.11,0.0501,4.36,0.913,53.7,121.5,7.7175
11/5/20 20:00,2.67,7.0472,0.0998,0.0454,4.35,0.901,54.5,120.5,7.3444
11/6/20 20:00,1.86,5.618,0.0879,0.0336,3.77,0.84,54.9,119,6.4842
11/7/20 20:00,1.39,8.1466,0.0779,0.0262,3.24,0.835,58.1,119.5,6.071
11/8/20 20:00,1.01,4.7749,0.0689,0.0212,2.83,0.848,58.8,119.4,5.3574
11/9/20 12:00,1.14,6.8259,0.0636,0.0168,2.63,0.863,60.7,118.3,4.8001
11/9/20 12:20,1.14,5.3368,0.0605,0.0135,2.67,0.836,62.5,124.2,5.0852
11/9/20 20:00,0.83,6.1813,0.0643,0.0178,2.6,0.864,62,120,4.4211
11/10/20 20:00,1.1,4.5721,0.058,0.0168,2.24,0.897,62.3,118,3.7224
11/11/20 20:00,1.1,4.4472,0.0559,0.0133,1.83,0.801,63.2,118.8,3.1039
11/12/20 20:00,2.1,3.2938,0.0491,0.0092,1.47,0.711,60.5,113.4,2.3595
11/13/20 20:00,3.12,3.3068,0.0422,0.0086,1.33,0.774,61.7,115.4,1.6927
11/14/20 20:00,2.61,3.2509,0.0392,0.0023,1.11,0.734,62.1,114.9,1.3236
11/15/20 20:00,5.73,8.1356,0.0528,0.005,1.31,0.735,60.1,115.6,1.182
11/16/20 12:00,6.53,5.4645,0.0494,0.0037,1.04,0.688,59.5,115.9,1.0256
11/16/20 12:43,6.53,5.9288,0.0472,0.0053,0.78,0.673,61.9,116.7,0.9356
11/16/20 20:00,6.12,5.9132,0.0468,0.0085,0.95,0.624,59.7,117.9,0.8619
11/17/20 20:00,6.96,3.4223,0.0508,0.0109,0.62,0.634,62.1,119.3,0.7835
11/18/20 20:00,9.9,4.3397,0.0538,0.0105,0.26,0.675,64.9,129.8,1.135
11/19/20 20:00,10.4,3.9215,0.0643,0.0127,0.16,0.706,74.5,137.8,1.0792
11/20/20 20:00,6.96,4.8989,0.0606,0.0078,0.19,0.697,85.1,142.7,0.6407
11/21/20 20:00,5,5.8862,0.0582,0.0064,0.21,0.683,95.3,144.6,0.4489
11/22/20 20:00,15.5,14.413,0.0735,0.0149,0.32,0.693,82.8,132.9,0.6101
11/23/20 20:00,216,24.128,0.1451,0.0509,4.64,1.101,72.2,117.7,3.105
11/24/20 20:00,138,18.194,0.1324,0.0509,14.31,1.158,38.9,76.1,6.3958
11/25/20 20:00,84.5,11.039,0.1069,0.0452,13.75,1.011,35.5,68.5,6.7046
11/26/20 20:00,620,218.97,0.5304,0.0788,17.12,2.332,27.2,44.6,6.9754
11/27/20 20:00,269,50.771,0.2662,0.0707,17.3,1.674,24.5,41.3,7.3284
11/28/20 20:00,107,23.584,0.1566,0.0593,14.97,1.219,26.5,49.3,7.5631
11/29/20 20:00,57.2,13.369,0.114,0.0521,12.72,0.996,27.9,55.8,7.6162
11/30/20 13:05,42.9,7.9312,0.0994,0.0498,12.23,0.581,31.1,63.7,7.6483
11/30/20 20:00,41.3,12.426,0.1018,0.0403,10.75,0.583,31.1,71.9,7.4163
12/1/20 20:00,74.7,10.974,0.0941,0.0423,9.77,0.54,34.2,76.6,7.0289
12/2/20 20:00,94.9,12.289,0.1113,0.0454,11.42,0.854,35,70.6,7.1486
12/3/20 20:00,124,19.647,0.1066,0.0426,12.1,0.85,32.9,68.1,7.1254
12/4/20 20:00,91.9,15.894,0.0956,0.0342,11.59,0.771,30.3,63.8,7.0409
12/5/20 20:00,59.6,10.803,0.0822,0.035,10.55,0.689,30.1,66,7.129
12/6/20 4:00,51.7,16.528,0.0839,0.0375,10.56,0.716,31.5,69.8,6.9796
12/7/20 13:30,30.8,7.9681,0.0688,0.037,9.84,0.349,34.3,79,6.8331
12/7/20 20:00,28.6,6.9312,0.0727,0.0345,7.22,0.51,26.3,53,6.2123
12/8/20 20:00,21.7,6.7981,0.0598,0.0303,6.93,0.646,28,56.3,5.7999
12/9/20 20:00,16.8,4.9645,0.0583,0.0302,6.56,0.601,30.5,59.6,5.7409
12/10/20 20:00,12.8,7.5967,0.0559,0.0269,6.33,0.564,31.6,62.3,5.5067
12/11/20 20:00,10.4,5.5286,0.0515,0.024,5.97,0.443,32.1,63.6,4.927
12/12/20 20:00,10.4,9.8039,0.054,0.0181,5.43,0.503,31.8,63.6,4.1013
12/13/20 20:00,52.5,11.206,0.0574,0.0194,5.42,0.621,36,67.7,3.7065
12/14/20 12:00,56.4,11.228,0.0875,0.0289,6.57,0.579,32.8,55.9,4.8202
12/14/20 12:45,56.4,14.324,0.0829,0.0296,6.85,0.811,33.4,57.3,4.8546
12/14/20 20:00,49.4,14.224,0.0788,0.0248,8.96,0.68,35.2,67,5.515
12/16/20 20:00,21.7,9.2348,0.0571,0.0218,8.42,0.672,34.6,65.8,5.6091
12/18/20 20:00,15.5,7.619,0.0408,0.0143,7.49,0.75,35.4,71.2,4.4969
12/20/20 20:00,8.85,7.3284,0.0356,0.0087,6.58,0.766,40.3,79.1,3.1354
12/22/20 20:00,16.1,6.993,0.0346,0.0057,6.08,0.517,45.3,83.2,2.1714
12/24/20 20:00,11,6.6313,0.0296,0.0033,5.95,0.505,41.6,83.5,1.8208
12/26/20 20:00,9.9,5.8939,0.0331,0.0017,6.01,0.515,45.6,91.1,1.7039
12/28/20 20:00,6.53,5.2631,0.0267,0.001,5.95,0.477,45.4,91,1.4779
12/30/20 20:00,6.96,5.4347,0.0342,0.001,5.55,0.556,46.5,93.7,0.9822
12/31/20 20:00,11.6,6.9686,0.0332,0,4.99,0.538,45.8,92.2,0.8816
1/1/21 20:00,93.9,25.856,0.0966,0.0205,6.16,0.687,55.7,78.1,2.7471
1/2/21 20:00,757,164.68,0.4634,0.0589,13.33,2.395,22.9,30.3,6.1582
1/3/21 20:00,461,72.007,0.3316,0.0501,12.37,1.941,20.6,33.4,6.359
1/4/21 12:19,294,38.235,0.23,0.0476,12.06,1.297,23,39.6,6.6063
1/4/21 20:00,238,46.558,0.1976,0.0549,10.48,1.291,23.4,43.5,6.7288
1/5/21 20:00,140,26.923,0.1539,0.0624,9.54,1.127,26.9,52.6,6.6881
1/6/21 20:00,88.2,22.624,0.1433,0.0712,9.21,1.032,31.1,62.5,6.9642
1/7/21 20:00,64.5,15.665,0.1116,0.0574,8.84,0.811,32.1,66.7,6.7204
1/8/21 20:00,56.4,17.643,0.1018,0.0548,8.47,0.472,34.1,71,6.4425
1/9/21 20:00,47.8,13.203,0.0795,0.0414,7.77,0.727,32.4,70.1,5.9453
1/10/21 20:00,35.2,8.2872,0.0719,0.0405,7.55,0.648,33.4,73.3,5.6727
1/11/21 12:00,30.8,9.1743,0.0723,0.0387,7.28,0.531,34.2,74.9,5.3214
1/11/21 12:28,31.5,7.772,0.07,0.0415,7.54,0.368,35.8,78.4,5.4292
1/11/21 20:00,29.3,,,0.0347,6.32,,34.2,75.4,4.8739
1/12/21 20:00,27.2,,,0.0298,6.23,,35.2,77,4.7179
1/13/21 20:00,26.6,,,0.0326,5.95,,36.2,79.2,4.221
1/14/21 20:00,23.9,,,0.0223,5.94,,36.5,81.6,3.946
1/15/21 20:00,25.2,,,0.0189,5.54,,35.7,81,3.1871
1/16/21 20:00,33,,,0.0173,5.52,,36,81.1,2.7003
1/17/21 20:00,35.2,,,0.0185,5.47,,41,78.2,2.7858
1/18/21 12:00,31.5,,,0.0195,5.46,,37.4,76.4,2.7466
1/18/21 12:48,30.8,,,0.0203,5.79,,39.3,80.6,2.8584
1/19/21 20:00,25.9,5.1746,0.0394,0.0174,6.38,0.561,37.8,73.6,2.8869
1/20/21 20:00,23.3,4.6635,0.0374,0.0167,6.36,0.465,39.3,77,2.5871
1/21/21 20:00,26.6,5.4458,0.0405,0.0165,6.08,0.473,39.3,80.1,2.1724
1/22/21 20:00,24.6,6.3739,0.0369,0.0141,6.17,0.522,40,80.6,2.037
1/23/21 20:00,29.3,7.2321,0.0408,0.014,6.01,0.479,43.6,87.4,1.6673
1/24/21 20:00,16.1,15.762,0.04,0.0111,6.28,0.47,42.6,87.6,1.6673
1/25/21 12:00,13.5,4.5215,0.0296,0.0106,5.79,0.504,39.2,83.6,1.3443
1/25/21 12:37,14.1,2.7285,0.0332,0.01,6.19,0.585,42.2,90.1,1.3736
1/25/21 20:00,13.5,6.1813,0.0304,0.0056,6.09,0.434,41.2,87.9,1.1903
1/26/21 20:00,15.5,4.1987,0.0257,0.0052,5.86,0.381,41.7,89.2,0.9102
1/27/21 20:00,16.8,4.7425,0.0253,0.0053,5.82,0.424,41.9,88.7,0.8252
1/28/21 20:00,17.4,5.3944,0.0344,0.0043,5.64,0.451,47.6,92.8,0.7755
1/29/21 20:00,12.2,3.9893,0.033,0.0048,5.6,0.475,48.1,90.8,0.6237
1/30/21 20:00,8.85,5.3799,0.031,0.0037,5.57,0.459,55.7,96,0.4518
1/31/21 20:00,9.37,4.3263,0.0307,0.0046,5.23,0.402,55.6,96.5,0.3385
2/1/21 12:00,10.4,5.9721,0.0325,0.0048,5.13,0.434,52.6,98.3,0.3339
2/1/21 13:53,11,4.2523,0.0295,0.0038,5.25,0.455,53.2,100,0.2724
2/1/21 20:00,10.4,4.5991,0.0287,0.0044,5.94,0.536,54.3,101.9,0.2573
2/2/21 20:00,8.85,4.8176,0.0293,0.003,5.53,0.588,56.2,100.9,0.167
2/3/21 20:00,8.36,3.2744,0.0307,0.0024,5.49,0.556,58.9,104.1,0.1637
2/4/21 20:00,6.9,4.6022,0.0345,0.0017,5.53,0.596,62.4,109.2,0.1336
2/5/21 20:00,7.58,3.5662,0.0338,0.0031,5.41,0.749,68.6,112,0.1494
2/6/21 20:00,7.79,6.8119,0.0393,0.0031,5.51,0.706,70.8,117.3,0.0777
2/7/21 20:00,6.64,3.4083,0.0385,0.0049,5.46,0.607,79.5,118.7,0.0891
2/8/21 12:00,6.4,4.0295,0.0404,0.0062,5.37,0.685,81.5,116.2,0.1109
2/8/21 12:36,6.4,5.3619,0.0383,0.0051,5.78,0.657,88.2,125.7,0.1028
2/8/21 20:00,6.25,8.1301,0.0433,0.0049,5.48,0.568,84.5,120.8,0.0926
2/9/21 20:00,6.33,7.6239,0.0445,0.006,5.5,0.622,87.7,125.3,0.0975
2/10/21 20:00,6.44,6.4143,0.0455,0.007,5.53,0.54,91.6,127.1,0.0912
2/11/21 20:00,6.07,6.2587,0.0468,0.0108,5.51,0.615,92.9,127.3,0.1
2/12/21 20:00,5.81,4.8109,0.0515,0.0128,5.16,0.641,87,123,0.0992
2/13/21 20:00,5.43,4.6511,0.053,0.0141,5.02,0.629,84.3,123.2,0.1723
2/14/21 20:00,5.99,4.7425,0.0535,0.0161,4.64,0.579,81,121.7,0.1043
2/15/21 12:00,5.99,5.7877,0.0534,0.0169,4.62,0.632,81.1,125.7,0.1136
2/15/21 12:55,5.99,3.4506,0.0506,0.0185,4.8,0.584,84.4,130.5,0.1298
2/15/21 20:00,6.17,7.6708,0.0479,0.0173,4.1,0.706,72.3,112.8,0.1879
2/16/21 20:00,8.97,7.1708,0.0453,0.0187,4.17,0.648,75.8,116.1,0.1908
2/17/21 20:00,10.1,4.5811,0.0529,0.0243,3.91,0.723,74.7,116.6,0.2109
2/18/21 20:00,5.13,6.0241,0.0497,0.0221,3.74,0.687,72.3,113.1,0.2429
2/19/21 20:00,4.74,4.5721,0.0558,0.0234,3.55,0.703,72.2,112.7,0.2736
2/20/21 20:00,4.74,4.7945,0.0561,0.0251,3.35,0.715,69.6,110.4,0.2689
2/21/21 20:00,4.89,5.188,0.0557,0.0257,3.2,0.8,71.9,111.6,0.3062
2/22/21 12:00,5.17,3.984,0.0568,0.024,3.15,0.824,72.5,111.2,0.3619
2/22/21 12:49,5.17,3.4459,0.0503,0.0268,3.24,0.831,75,114.8,0.3269
2/22/21 20:00,6.15,5.1314,0.061,0.0163,3.29,0.78,80.1,120.5,0.2951
2/23/21 20:00,11,6.9356,0.0849,0.0341,3.09,0.905,79.3,118.3,0.4704
2/24/21 20:00,60.7,12.25,0.1402,0.0743,4.88,1.035,74.3,103.8,2.1809
2/25/21 4:00,60.7,104.96,0.2363,0.0536,10.74,1.566,64.3,44.5,4.7235
2/25/21 12:00,328,116.72,0.2703,0.0545,13.24,1.642,35.2,28.2,5.5866
2/25/21 20:00,596,122.15,0.2782,0.0531,11.91,1.432,29.2,25.2,5.6435
2/26/21 20:00,653,101.63,0.3021,0.0416,11.21,1.449,22.5,26.7,5.6812
2/27/21 12:00,644,109.87,0.2831,0.0443,11.28,1.46,22.1,28.5,5.7323
2/27/21 20:00,896,217.46,0.4777,0.0437,10.85,1.941,18.5,22.9,5.7892
2/28/21 4:00,1050,212.61,0.5377,0.0561,9.5,2.394,15.1,18.3,5.7167
2/28/21 12:00,1130,128.97,0.4607,0.0661,8.99,1.858,14.1,17.6,5.8255
2/28/21 20:00,1020,95.914,0.408,0.066,9.51,1.552,15.5,20.6,6.0803
3/1/21 12:00,682,71.048,0.3362,0.0563,9.05,1.773,16.3,22.7,6.1141
3/1/21 12:49,665,50,0.3187,0.0564,9.13,1.423,16.6,23.2,5.9872
3/1/21 20:00,516,74.968,0.3216,0.0791,9.93,1.558,17.7,24.2,6.0034
3/2/21 20:00,230,44.578,0.2079,0.0704,9.99,1.186,23.2,34.7,5.9557
3/3/21 20:00,145,30.124,0.1344,0.0585,9.72,0.922,28.4,44.8,5.8409
3/4/21 20:00,95.9,23.605,0.1157,0.0536,9.06,0.871,31.1,50.5,5.289
3/5/21 20:00,65.4,18.483,0.1106,0.0437,8.7,0.82,33.3,55.5,4.9964
3/6/21 20:00,54.1,22.561,0.1098,0.0561,7.92,0.767,32.3,55,4.5543
3/7/21 20:00,41.3,18.995,0.0935,0.0332,8.04,0.543,34.4,61.1,4.0616
3/8/21 12:00,35.2,19.607,0.0904,0.0313,7.98,0.624,35.6,64.8,3.7181
3/8/21 12:53,34.4,11.188,0.087,0.0415,8.29,0.692,37.3,68.1,3.8519
3/8/21 20:00,33,14.223,0.0777,0.0334,7.08,0.648,33.6,61.8,3.4515
3/9/21 20:00,30,12.132,0.0638,0.0271,6.67,0.65,33.6,62.9,2.6391
3/10/21 20:00,28.6,11.01,0.0598,0.0273,5.46,0.546,30.3,55.8,1.8437
3/11/21 20:00,27.2,13.399,0.0601,0.019,5.9,0.521,34.8,65.5,1.2214
3/12/21 20:00,23.3,14.363,0.0589,0.0146,5.65,0.686,36,67.4,0.81
3/13/21 20:00,16.8,9.6794,0.0572,0.0147,5.23,0.588,36.8,68.5,0.5301
3/14/21 4:00,16.1,14.834,0.053,0.0129,5.17,0.532,36.9,69.2,0.4578
3/14/21 11:05,14.8,5.1646,0.0428,0.0138,5.28,0.603,38.8,72.2,0.4605
3/14/21 12:00,14.8,8.0753,0.0493,0.0081,5.15,0.526,38.4,74.2,0.49
3/15/21 12:00,12.2,8.7995,0.0455,0.0086,4.9,0.488,40.7,77.1,0.3572
3/16/21 12:00,12.8,8.0917,0.0446,0.0078,4.82,0.474,41.5,77.7,0.4263
3/17/21 12:00,13.5,7.1197,0.0459,0.0071,4.93,0.427,41.6,78.3,0.3264
3/18/21 12:00,14.8,11.533,0.0479,0.0051,4.87,0.573,41.7,77.5,0.2872
3/19/21 12:00,16.8,7.6977,0.0503,0.014,4.91,0.511,40.8,78.4,0.3173
3/20/21 12:00,61.2,18.742,0.0781,0.0188,5.26,0.652,57.2,74.1,0.5738
3/21/21 12:00,35.2,16.972,0.064,0.009,7.86,0.641,53.8,59.2,1.8079
3/21/21 13:23,34.4,13.063,0.0608,0.0071,8.36,0.73,54.8,61.4,2.0338
3/21/21 20:00,32.2,15.972,0.0637,0.0093,8.76,0.819,47.7,59.9,1.8246
3/22/21 20:00,27.2,13.24,0.048,0.0048,8.48,0.82,43,62.1,0.8934
3/23/21 20:00,24.6,17.301,0.0448,0.0037,7.47,0.522,42.7,66.2,0.3042
3/24/21 20:00,23.3,9.7493,0.0446,0.0038,6.49,0.575,39,65.7,0.1628
3/25/21 20:00,22.5,10.678,0.0529,0.0039,6.03,0.726,38.4,67.5,0.1648
3/26/21 12:00,369,403.65,0.547,0.0258,10.94,1.831,34.2,44.2,3.4561
3/26/21 20:00,723,422.18,0.7414,0.0712,11.64,2.993,25.6,27,5.6805
3/27/21 4:00,664,233.65,0.6221,0.0715,12.63,2.095,21,24.7,6.52
3/27/21 12:00,462,125.45,0.431,0.0697,12.59,2.02,21.3,27.3,6.655
3/27/21 20:00,337,85.485,0.3122,0.0583,12.32,1.554,22.4,31.2,6.5197
3/28/21 20:00,315,67.476,0.2097,0.041,11.68,1.317,27.8,39,6.0591
3/29/21 11:46,337,60.079,0.2642,0.0421,12.45,1.535,27,37.2,6.7313
3/29/21 12:00,334,66.094,0.2351,0.0404,12.77,1.467,25.5,37.4,6.6534
3/30/21 12:00,149,35.268,0.1245,0.032,11.47,0.904,27.8,45,6.1207
3/31/21 12:00,93.9,30.124,0.0914,0.0258,10.25,0.736,29.4,50.8,4.9446
4/1/21 12:00,59.6,15.602,0.0662,0.0191,9.42,0.693,31.1,55,3.7706
4/2/21 12:00,41.3,10.245,0.0483,0.0117,8.9,0.601,31.2,57.3,3.1413
4/3/21 12:00,33.7,8.9171,0.0418,0.0095,8.57,0.673,32.6,61,2.5195
4/4/21 12:00,30.8,10.921,0.0395,0.0047,8.13,0.625,33.9,62.4,1.5787
4/5/21 12:45,27.2,6.8587,0.0332,0.0022,8.08,0.682,36,66.2,1.025
4/5/21 20:00,26.6,9.9644,0.0407,0.0011,7.03,0.555,33.3,63.7,0.8323
4/6/21 20:00,23.9,9.849,0.035,0,6.53,0.408,34.2,65.3,0.4346
4/7/21 20:00,21.7,11.838,0.0372,0.0008,5.88,0.598,33.6,65.6,0.3047
4/8/21 20:00,21,11.795,0.0433,0.0025,5.18,0.734,32.6,63.8,0.371
4/9/21 20:00,22.5,9.0732,0.0511,0.0041,4.9,0.667,34.8,66.7,0.4571
4/10/21 20:00,23.9,14.833,0.0896,0.0343,4.29,0.738,34.2,64.8,0.4078
4/11/21 4:00,30,18.625,0.0618,0.0095,4.17,0.702,34.7,64.1,0.5717
4/11/21 12:00,50.2,22.299,0.076,0.006,4.71,0.694,35.2,63.4,1.1746
4/11/21 20:00,94.9,25.384,0.0863,0.0064,6.27,0.875,36.2,56.1,2.1531
4/12/21 4:00,131,35.835,0.1105,0.0153,8.22,0.908,34.6,48.8,3.5923
4/12/21 12:00,170,47.349,0.1303,0.0083,10.32,0.964,33.5,45.3,4.7989
4/12/21 13:22,178,45.165,0.1093,0.013,10.77,0.973,33.5,46.2,4.9158
4/12/21 20:00,161,45.729,0.1266,0.0225,10.93,0.971,29.8,44.2,5.0207
4/13/21 20:00,82.7,28.724,0.0802,0.0202,10.73,0.827,30.2,46.3,5.102
4/14/21 20:00,52.5,16.229,0.0794,0.0295,9.9,1.022,30.7,50.7,4.1562
4/15/21 20:00,43.7,9.2838,0.0369,0.0104,8.99,0.686,31,53.2,2.9877
4/16/21 20:00,35.9,9.4786,0.0308,0.0066,8.31,0.491,31.2,55.2,2.2613
4/17/21 20:00,30,11.118,0.0289,0.0087,7.91,0.833,31.2,58.6,1.5398
4/18/21 20:00,24.6,8.1301,0.0283,0.0051,7.14,0.516,32.3,59.3,0.9456
4/19/21 12:00,21,9.0497,0.0408,0.0091,6.71,0.574,31.9,59.8,0.6755
4/19/21 12:37,21.7,114.2,0.1398,0.0075,6.92,0.747,33,61.8,0.6702
4/19/21 20:00,21,15.832,0.0377,0.0028,7.24,0.637,32.7,60.7,0.6663
4/20/21 20:00,18.1,6.5444,0.0257,0.0025,6.8,0.707,33.1,61.9,0.5702
4/21/21 20:00,23.9,7.4223,0.0347,0.0066,6.77,1.257,33.3,62,0.8587
4/22/21 20:00,79.1,13.431,0.0364,0.0021,8.88,0.508,37.6,53.6,2.6018
4/23/21 20:00,66.2,12.845,0.0313,0.0029,10.06,0.462,31.5,50.1,3.1766
4/24/21 20:00,48.6,8.8375,0.0282,0.0016,9.66,0.589,32.1,51.4,2.5061
4/25/21 4:00,46.1,9.4276,0.0321,0.0013,9.48,0.563,31.8,51.4,2.1876
4/25/21 11:30,43.7,8.344,0.0193,0,10.05,0.767,32.5,54.7,2.029
4/25/21 12:00,40.5,4.1782,0.0256,0.0041,9.01,0.712,33,53.3,1.8189
4/26/21 12:00,32.2,59.304,0.0206,0.0025,8.17,0.477,33.4,55.2,0.9451
4/27/21 12:00,29.3,6.0524,0.0233,0.002,7.45,0.454,35.5,58.8,0.4384
4/28/21 12:00,27.2,7.7619,0.0282,0.0031,6.67,0.616,36,60.4,0.2361
4/29/21 12:00,30.8,4.9053,0.0456,0.0046,5.72,0.683,34.5,59.1,0.3557
4/29/21 20:00,30.8,7.0274,1.678,1.5251,5.69,2.927,35.6,60.5,0.5092
4/30/21 4:00,392,340.6,0.5738,0.075,13.19,4.835,26.8,35.7,5.2195
4/30/21 12:00,390,170.02,0.422,0.0848,15.04,3.519,22.3,32.2,6.9472
4/30/21 20:00,276,84.456,0.2974,0.0658,15.19,2.653,22,32.7,7.4462
5/1/21 4:00,185,63.241,0.2253,0.0563,14.8,1.795,22.8,35,7.2601
5/1/21 12:00,134,46.215,0.1768,0.0523,14.32,1.697,23.3,37.4,7.2012
5/2/21 12:00,67.9,25.084,0.096,0.0357,12.6,0.703,27,44.9,6.2645
5/3/21 13:08,57.2,11.295,0.0594,0.0212,10.76,0.513,29.7,50.6,4.2502
5/3/21 20:00,41.3,15.513,0.0682,0.0203,10.65,0.758,27.7,49,3.6691
5/4/21 20:00,35.9,14.397,0.0576,0.0189,8.86,0.723,28.5,50.6,2.8003
5/5/21 20:00,55.6,18.048,0.069,0.0179,8.61,0.755,33.2,52.5,2.912
5/6/21 20:00,36.7,13.783,0.0654,0.0175,9.36,0.973,30.1,48,3.5763
5/7/21 20:00,31.5,9.1923,0.0492,0.0133,9.06,0.533,29.5,48.4,2.881
5/8/21 20:00,31.5,8.3681,0.0389,0.0054,8.66,0.449,31.4,49.3,1.4703
5/9/21 12:00,73,183.2,0.3045,0.0364,12.06,1.548,27.5,40.5,2.2279
5/9/21 20:00,870,521.49,0.8175,0.0761,14.78,3.368,23.8,22.1,5.2478
5/10/21 4:00,1290,461.03,0.8526,0.0912,11.24,3.241,14.5,14.5,5.8066
5/10/21 12:00,1780,837,1.2059,0.0852,9.29,5.39,10.1,11.1,5.8618
5/10/21 12:40,1790,168.2,0.6379,0.1053,9.31,2.012,9.9,11,6.0249
5/10/21 20:00,1740,283.45,0.6394,0.0932,8.62,2.758,9.2,12.6,6.2241
5/11/21 4:00,1330,275.52,0.564,0.0693,9.96,2.283,11,17.1,6.8702
5/11/21 20:00,498,243,0.4407,0.061,10.49,2.445,13.9,22.8,7.1561
5/12/21 20:00,221,67.768,0.217,0.0504,10.65,1.397,19.3,33.4,7.3345
5/13/21 20:00,110,37.258,0.1328,0.041,10.13,1.044,22.4,40.3,6.7706
5/14/21 20:00,70.4,28.053,0.1023,0.0301,9.46,0.913,24.3,44.5,5.8695
5/15/21 20:00,50.2,22.973,0.0832,0.0214,9.02,0.659,26.4,48.5,5.0763
5/16/21 20:00,38.9,19.695,0.063,0.0198,8.53,0.44,26.8,50.1,4.1055
5/17/21 12:00,34.4,17.721,0.0758,0.0193,8.15,0.561,27.6,51.6,3.4967
5/17/21 13:35,34.4,17.385,0.0487,0.0076,8.05,0.765,27.5,51.4,3.4256
5/17/21 20:00,31.5,14.575,0.0544,0.0134,7.96,0.632,28.4,54.8,3.0584
5/18/21 20:00,25.9,19.217,0.0547,0.0057,7.16,0.741,29.6,56.6,2.1243
5/19/21 20:00,21,14.239,0.0584,0.0031,6.67,0.765,30.3,57.3,1.5363
5/20/21 20:00,17.4,17.099,0.0607,0.002,5.78,0.834,31.7,58.4,1.3017
5/21/21 20:00,14.1,15.514,0.063,0.0017,5.09,0.862,31.5,56.9,1.1236
5/22/21 20:00,11.6,13.413,0.0606,0.0027,4.62,0.871,32.5,57.7,1.0893
5/23/21 20:00,11,16.371,0.0695,0.0061,4.73,0.931,32.4,57.2,1.1535
5/24/21 12:00,11,13.395,0.0596,0.0098,4.19,0.783,32.4,57,1.2241
5/24/21 13:00,11,14.454,0.0497,0.0093,4.23,0.771,32.7,57.9,1.2642