"","DOY","stream","gTarPerFlow","DRPloadUS.gPwin_2.5per_s","DRPloadUS.gPwin.hf_2.5per_s","DRPloadDS.gPwin.wS_2.5per_s","DRPloadDS.gPwin.wS.hf_2.5per_s","Svol_gPwindow.hf_2.5per_s","DRPloadUS.gPwin_50per_s","DRPloadUS.gPwin.hf_50per_s","DRPloadDS.gPwin.wS_50per_s","DRPloadDS.gPwin.wS.hf_50per_s","Svol_gPwindow.hf_50per_s","DRPloadUS.gPwin_97.5per_s","DRPloadUS.gPwin.hf_97.5per_s","DRPloadDS.gPwin.wS_97.5per_s","DRPloadDS.gPwin.wS.hf_97.5per_s","Svol_gPwindow.hf_97.5per_s","SorbDistM_2.5per_m","Qm3m_2.5per_m","SorbDistM_50per_m","Qm3m_50per_m","SorbDistM_97.5per_m","Qm3m_97.5per_m","SorbDistPerWat","TribDist2wat_km","AtCapDist2Wat","perDRPsorbed","s75per","s50per","s25per","s10per"
"1",68,"UTLC","Gtarget",1519.25646743974,1519.25646743974,1730.69963324604,1730.69963324604,211.443165806307,1519.25646743974,1519.25646743974,2321.23643475024,2321.23643475024,801.979967310503,1519.25646743974,1519.25646743974,2832.67906278869,2832.67906278869,1313.42259534895,2290.11649488724,137.616863406824,15889.0969642017,137.616863406824,94997.1849083519,137.616863406824,13.8808441886729,114.4678,98.5787030357983,52.7876618923996,1139.4423505798,759.628233719869,379.814116859934,151.925646743974
"2",69,"STF","Gtarget",31641.13256,31641.13256,31641.13256,31641.13256,0,31641.13256,31641.13256,37471.04576,37471.04576,5829.913321,31641.13256,31641.13256,55776.5094861083,55776.5094861083,24135.375081,0,927.31171686747,6852.28225542169,927.31171686747,92036.9504819277,927.31171686747,17.6990669251894,38.7155,31.8632177445783,18.4251094993042,23730.84942,15820.56628,7910.28314,3164.113256
"3",69,"UTLC","Gtarget",5132.86655508941,5132.86655508941,5842.32946222191,5842.32946222191,709.462907132494,5132.86655508941,5132.86655508941,7680.05121294153,7680.05121294153,2547.18465785212,5132.86655508941,5132.86655508941,9517.22726092345,9517.22726092345,4384.36070583404,2135.68691334252,86.1620003442097,21111.5376955346,86.1620003442097,107848.062881008,86.1620003442097,18.4432108379253,114.4678,93.3562623044654,49.6249927893897,3849.64991631706,2566.43327754471,1283.21663877235,513.286655508941
"4",69,"WC","Gtarget",6182.504859,6182.504859,6182.504859,6182.504859,0,6182.504859,6182.504859,7057.246069,7057.246069,874.7420642,6182.504859,6182.504859,12110.78107,12110.78107,5928.276409575,0,225.837568390805,3227.10496206897,225.837568390805,65243.9879568965,225.837568390805,5.69228605156399,56.6926,53.465495037931,14.1486676379497,4636.87864425,3091.2524295,1545.62621475,618.2504859
"5",70,"STF","Gtarget",30687.5609,30687.5609,30687.5609,30687.5609,0,30687.5609,30687.5609,35031.2034,35031.2034,4343.6422178,30687.5609,30687.5609,53640.15545,53640.15545,22952.59409875,0,814.357028125,5922.17409166667,814.357028125,93458.558546947,814.357028125,15.296648865872,38.7155,32.7933259083333,14.1544068358981,23015.670675,15343.78045,7671.890225,3068.75609
"6",70,"UTLC","Gtarget",393.972660220039,393.972660220039,393.972660220039,393.972660220039,0,393.972660220039,393.972660220039,452.990843397112,452.990843397112,59.0181831770729,393.972660220039,393.972660220039,634.159351794293,634.159351794293,240.186691574254,0,11.6587525807264,7774.91791821847,11.6587525807264,107921.689404149,11.6587525807264,6.79223145567441,114.4678,106.692882081782,14.9802737946614,295.479495165029,196.986330110019,98.4931650550097,39.3972660220039
"7",70,"WC","Gtarget",2505.777432,2505.777432,2505.777432,2505.777432,0,2505.777432,2505.777432,2542.285312,2542.285312,36.5078835,2505.777432,2505.777432,4840.39891375,4840.39891375,2334.6214602,0,102.814918958333,320.891132291667,102.814918958333,65186.0552604166,102.814918958333,0.566019431621881,56.6926,56.3717088677083,1.45694837194144,1879.333074,1252.888716,626.444358,250.5777432
"8",71,"STF","Gtarget",6722.34854,6722.34854,6722.34854,6722.34854,0,6722.34854,6722.34854,6722.34854,6722.34854,0,6722.34854,6722.34854,9988.17161375,9988.17161375,3265.82335125,0,299.651822368421,0,299.651822368421,87587.131055921,299.651822368421,0,38.7155,38.7155,0,5041.761405,3361.17427,1680.587135,672.234854
"9",71,"UTLC","Gtarget",191.123767054456,191.123767054456,191.123767054456,191.123767054456,0,191.123767054456,191.123767054456,193.192266972782,193.192266972782,2.06849991832534,191.123767054456,191.123767054456,298.09332512765,298.09332512765,106.969558073194,0,7.70482856730276,399.944739898938,7.70482856730276,97196.8340793573,7.70482856730276,0.349394973869454,114.4678,114.067855260101,1.08228293644713,143.342825290842,95.5618835272282,47.7809417636141,19.1123767054456
"10",71,"WC","Gtarget",427.507136,427.507136,427.507136,427.507136,0,427.507136,427.507136,427.507136,427.507136,0,427.507136,427.507136,763.93622025,763.93622025,336.42910235,0,40.7793443636364,0,40.7793443636364,59908.0667999999,40.7793443636364,0,56.6926,56.6926,0,320.630352,213.753568,106.876784,42.7507136
"11",72,"UTLC","Gtarget",181.03265966426,181.03265966426,181.03265966426,181.03265966426,0,181.03265966426,181.03265966426,182.255832290046,182.255832290046,1.22317262578584,181.03265966426,181.03265966426,281.649773126114,281.649773126114,100.617113461854,0,7.26309349627223,247.261933426273,7.26309349627223,93653.7591344459,7.26309349627223,0.216010033761698,114.4678,114.220538066574,0.675664064182849,135.774494748195,90.51632983213,45.258164916065,18.103265966426
"12",73,"STF","Gtarget",16528.66549,16528.66549,16528.66549,16528.66549,0,16528.66549,16528.66549,18238.61249,18238.61249,1709.9469583,16528.66549,16528.66549,28022.64461275,28022.64461275,11493.979303,0,566.76872,3135.645365,566.76872,87183.788846875,566.76872,8.09919893840968,38.7155,35.579854635,10.3453419112059,12396.4991175,8264.332745,4132.1663725,1652.866549
"13",73,"UTLC","Gtarget",3025.1613265979,3025.1613265979,3611.71583515213,3611.71583515213,586.554508554232,3025.1613265979,3025.1613265979,4569.33379108374,4569.33379108374,1544.17246448584,3025.1613265979,3025.1613265979,5615.5123095933,5615.5123095933,2590.35098299541,1573.08177862002,47.7616667520891,14432.3048209952,47.7616667520891,111224.786647659,47.7616667520891,12.6081787375971,114.4678,100.035495179005,51.0443013702814,2268.87099494843,1512.58066329895,756.290331649475,302.51613265979
"14",73,"WC","Gtarget",2862.218057,2862.218057,2862.218057,2862.218057,0,2862.218057,2862.218057,3053.797192,3053.797192,191.5791454,2862.218057,2862.218057,5555.88599175,5555.88599175,2693.66806575,0,122.982077261905,948.624518452381,122.982077261905,63624.6947797619,122.982077261905,1.67327749733189,56.6926,55.7439754815476,6.69338050367837,2146.66354275,1431.1090285,715.55451425,286.2218057
"15",74,"STF","Gtarget",48405.2948,48405.2948,48405.2948,48405.2948,0,48405.2948,48405.2948,58463.7162,58463.7162,10058.42122,48405.2948,48405.2948,86368.6298825,86368.6298825,37963.3380775,0,1181.21936145833,9434.15594791667,1181.21936145833,92436.75134375,1181.21936145833,24.3679041931957,38.7155,29.2813440520833,20.7795888064708,36303.9711,24202.6474,12101.3237,4840.52948
"16",74,"UTLC","Gtarget",1639.24623471871,1639.24623471871,1756.24567646417,1756.24567646417,116.999441745458,1639.24623471871,1639.24623471871,2201.65671135849,2201.65671135849,562.410476639787,1639.24623471871,1639.24623471871,2925.51745480091,2925.51745480091,1286.2712200822,1061.58120619206,29.8494931426515,21011.7582033819,29.8494931426515,114373.710646294,29.8494931426515,18.3560426629864,114.4678,93.4560417966181,34.3090906495994,1229.43467603903,819.623117359354,409.811558679677,163.924623471871
"17",74,"WC","Gtarget",5491.3197,5491.3197,5491.3197,5491.3197,0,5491.3197,5491.3197,5978.47049,5978.47049,487.15055213,5491.3197,5491.3197,10755.22798,10755.22798,5263.90795,0,193.460670833333,2047.71246208333,193.460670833333,66029.9703046874,193.460670833333,3.61195722560499,56.6926,54.6448875379167,8.87128374860418,4118.489775,2745.65985,1372.829925,549.13197
"18",75,"STF","Gtarget",21788.2342,21788.2342,21788.2342,21788.2342,0,21788.2342,21788.2342,23190.3279,23190.3279,1402.093105,21788.2342,21788.2342,37111.7588425,37111.7588425,15323.52497625,0,629.625023958333,3538.49690322917,629.625023958333,92517.5520989583,629.625023958333,9.13974223044818,38.7155,35.1770030967708,6.43509286769095,16341.17565,10894.1171,5447.05855,2178.82342
"19",75,"UTLC","Gtarget",514.024250313003,514.024250313003,514.024250313003,514.024250313003,0,514.024250313003,514.024250313003,609.287132835231,609.287132835231,95.2628825222282,514.024250313003,514.024250313003,837.311122602937,837.311122602937,323.286872289934,0,13.9143661826657,11679.5571452383,13.9143661826657,110676.531788231,13.9143661826657,10.2033560051283,114.4678,102.788242854762,18.5327603637805,385.518187734752,257.012125156501,128.506062578251,51.4024250313003
"20",75,"WC","Gtarget",1797.09965,1797.09965,1797.09965,1797.09965,0,1797.09965,1797.09965,1799.67739,1799.67739,2.577742,1797.09965,1797.09965,3462.05053475,3462.05053475,1664.95095425,0,81.1950105208333,40.0706458333333,81.1950105208333,65113.3790781249,81.1950105208333,0.0706805576624345,56.6926,56.6525293541667,0.143439012967367,1347.8247375,898.549825,449.2749125,179.709965
"21",76,"STF","Gtarget",11508.11925,11508.11925,11508.11925,11508.11925,0,11508.11925,11508.11925,11524.824,11524.824,16.70474,11508.11925,11508.11925,17981.4871675,17981.4871675,6473.367588,0,381.233210416667,46.4945208333333,381.233210416667,88455.5382682292,381.233210416667,0.120092781530223,38.7155,38.6690054791667,0.145156125315611,8631.0894375,5754.059625,2877.0298125,1150.811925
"22",76,"UTLC","Gtarget",233.560096826984,233.560096826984,233.560096826984,233.560096826984,0,233.560096826984,233.560096826984,240.593420009804,240.593420009804,7.03332318281978,233.560096826984,233.560096826984,367.45842475418,367.45842475418,133.898327927196,0,8.52443191455563,1284.01154317525,8.52443191455563,99680.8937022832,8.52443191455563,1.12172291524363,114.4678,113.183788456825,3.0113547983455,175.170072620238,116.780048413492,58.390024206746,23.3560096826984
"23",76,"WC","Gtarget",1021.100921,1021.100921,1021.100921,1021.100921,0,1021.100921,1021.100921,1021.889947,1021.889947,0.78902788,1021.100921,1021.100921,1865.129662,1865.129662,844.0287609,0,52.0906042708333,15.9895583333333,52.0906042708333,60635.39134375,52.0906042708333,0.0282039601876318,56.6926,56.6766104416667,0.0772722718952479,765.82569075,510.5504605,255.27523025,102.1100921
"24",77,"STF","Gtarget",5830.70293,5830.70293,5830.70293,5830.70293,0,5830.70293,5830.70293,5830.70293,5830.70293,0,5830.70293,5830.70293,8409.62530825,8409.62530825,2578.92231925,0,250.798534939759,0,250.798534939759,79970.517753012,250.798534939759,0,38.7155,38.7155,0,4373.0271975,2915.351465,1457.6757325,583.070293
"25",77,"UTLC","Gtarget",169.179507912175,169.179507912175,169.179507912175,169.179507912175,0,169.179507912175,169.179507912175,170.021314372039,170.021314372039,0.841806459863712,169.179507912175,169.179507912175,262.33866788923,262.33866788923,93.1591599770547,0,6.93143246135387,190.248842367051,6.93143246135387,90760.765186961,6.93143246135387,0.166202934246182,114.4678,114.277551157633,0.497581811327122,126.884630934131,84.5897539560875,42.2948769780438,16.9179507912175
"26",77,"WC","Gtarget",473.021385,473.021385,473.021385,473.021385,0,473.021385,473.021385,473.021385,473.021385,0,473.021385,473.021385,837.8365935,837.8365935,364.81521945,0,36.1578174647887,0,36.1578174647887,59197.1068204225,36.1578174647887,0,56.6926,56.6926,0,354.76603875,236.5106925,118.25534625,47.3021385
"27",78,"UTLC","Gtarget",116.380507235901,116.380507235901,116.380507235901,116.380507235901,0,116.380507235901,116.380507235901,116.380507235901,116.380507235901,0,116.380507235901,116.380507235901,176.99434517691,176.99434517691,60.6138379410084,0,5.49665337379621,0,5.49665337379621,80352.4505410696,5.49665337379621,0,114.4678,114.4678,0,87.2853804269258,58.1902536179505,29.0951268089753,11.6380507235901
"28",79,"UTLC","Gtarget",97.8547586070763,97.8547586070763,97.8547586070763,97.8547586070763,0,97.8547586070763,97.8547586070763,97.8547586070763,97.8547586070763,0,97.8547586070763,97.8547586070763,146.413090247409,146.413090247409,48.5583316403328,0,4.92713084958744,0,4.92713084958744,74733.6770053714,4.92713084958744,0,114.4678,114.4678,0,73.3910689553072,48.9273793035381,24.4636896517691,9.78547586070763
"29",80,"STF","Gtarget",2640.82117,2640.82117,2640.82117,2640.82117,0,2640.82117,2640.82117,2640.82117,2640.82117,0,2640.82117,2640.82117,3877.83864275,3877.83864275,1237.0174965,0,271.192082352941,0,271.192082352941,80238.4174044117,271.192082352941,0,38.7155,38.7155,0,1980.6158775,1320.410585,660.2052925,264.082117
"30",80,"UTLC","Gtarget",210.923887426056,210.923887426056,210.923887426056,210.923887426056,0,210.923887426056,210.923887426056,213.300802182363,213.300802182363,2.37691475630647,210.923887426056,210.923887426056,329.252458481057,329.252458481057,118.328571055001,0,7.99526089299433,489.032974952113,7.99526089299433,97522.7709445217,7.99526089299433,0.427223179751959,114.4678,113.978767025048,1.12690638566945,158.192915569542,105.461943713028,52.730971856514,21.0923887426056
"31",80,"WC","Gtarget",627.550561,627.550561,627.550561,627.550561,0,627.550561,627.550561,628.171176,628.171176,0.6206175,627.550561,627.550561,1161.8123145,1161.8123145,534.2618022,0,55.736987962963,17.5609259259259,55.736987962963,60153.240375,55.736987962963,0.0309756933460909,56.6926,56.6750390740741,0.0988952187391957,470.66292075,313.7752805,156.88764025,62.7550561
"32",81,"STF","Gtarget",9237.0761,9237.0761,9237.0761,9237.0761,0,9237.0761,9237.0761,9247.44201,9247.44201,10.365912,9237.0761,9237.0761,13843.58878,13843.58878,4606.51223625,0,321.095310416667,33.7802880208333,321.095310416667,82382.5862526041,321.095310416667,0.0872526198055903,38.7155,38.6817197119792,0.112220705857344,6927.807075,4618.53805,2309.269025,923.70761
"33",81,"UTLC","Gtarget",126.171911745511,126.171911745511,126.171911745511,126.171911745511,0,126.171911745511,126.171911745511,126.171911745511,126.171911745511,0,126.171911745511,126.171911745511,193.042692411374,193.042692411374,66.8707806658622,0,5.77008789831534,0,5.77008789831534,81945.0509448425,5.77008789831534,0,114.4678,114.4678,0,94.6289338091336,63.0859558727557,31.5429779363779,12.6171911745512
"34",81,"WC","Gtarget",980.571905,980.571905,980.571905,980.571905,0,980.571905,980.571905,981.669465,981.669465,1.097558,980.571905,980.571905,1790.77815575,1790.77815575,810.2062063,0,50.4340691666667,18.41059375,50.4340691666667,58477.3624140625,50.4340691666667,0.0324744212648564,56.6926,56.67418940625,0.111930394334518,735.42892875,490.2859525,245.14297625,98.0571905
"35",82,"STF","Gtarget",1378.83576,1378.83576,1378.83576,1378.83576,0,1378.83576,1378.83576,1378.83576,1378.83576,0,1378.83576,1378.83576,1985.84580175,1985.84580175,607.01006175,0,237.94239047619,0,237.94239047619,76108.6580595238,237.94239047619,0,38.7155,38.7155,0,1034.12682,689.41788,344.70894,137.883576
"36",82,"UTLC","Gtarget",39.2780948871061,39.2780948871061,39.2780948871061,39.2780948871061,0,39.2780948871061,39.2780948871061,39.2780948871061,39.2780948871061,0,39.2780948871061,39.2780948871061,57.7265346558137,57.7265346558137,18.4484397687075,0,4.22810933004006,0,4.22810933004006,63135.2917497168,4.22810933004006,0,114.4678,114.4678,0,29.4585711653296,19.6390474435531,9.81952372177654,3.92780948871061
"37",82,"WC","Gtarget",72.76438,72.76438,72.76438,72.76438,0,72.76438,72.76438,72.76438,72.76438,0,72.76438,72.76438,129.08992,129.08992,56.325553,0,35.9572427272727,0,35.9572427272727,55173.7895227272,35.9572427272727,0,56.6926,56.6926,0,54.573285,36.38219,18.191095,7.276438
"38",89,"STF","Gtarget",9537.78357,9537.78357,9537.78357,9537.78357,0,9537.78357,9537.78357,10485.96952,10485.96952,948.1857791,9537.78357,9537.78357,16259.1518015,16259.1518015,6721.36820675,0,604.413153488372,3349.91575116279,604.413153488372,92271.0452906976,604.413153488372,8.65264752143919,38.7155,35.3655842488372,9.94136396722619,7153.3376775,4768.891785,2384.4458925,953.778357
"39",89,"UTLC","Gtarget",5177.23846561712,5177.23846561712,6230.7826968736,6230.7826968736,1053.54423125648,5177.23846561712,5177.23846561712,7968.28708685208,7968.28708685208,2791.04862123496,5177.23846561712,5177.23846561712,9696.21428159024,9696.21428159024,4518.97581597312,3218.79153839258,93.3202023946064,20920.0457404918,93.3202023946064,108795.847577266,93.3202023946064,18.2759219103466,114.4678,93.5477542595082,53.9099877235859,3882.92884921284,2588.61923280856,1294.30961640428,517.723846561712
"40",89,"WC","Gtarget",1690.850788,1690.850788,1690.850788,1690.850788,0,1690.850788,1690.850788,1813.466828,1813.466828,122.6160784,1690.850788,1690.850788,3285.40702575,3285.40702575,1594.556183,0,134.986395681818,1161.96462340909,134.986395681818,71992.8377556818,134.986395681818,2.04958781817925,56.6926,55.5306353765909,7.25173854903157,1268.138091,845.425394,422.712697,169.0850788
"41",90,"STF","Gtarget",84909.0823,84909.0823,84909.0823,84909.0823,0,84909.0823,84909.0823,110283.1276,110283.1276,25374.03723,84909.0823,84909.0823,153693.8457,153693.8457,68784.763115,0,1835.958,14846.7950260417,1835.958,99955.2592578125,1835.958,38.3484522375836,38.7155,23.8687049739583,29.8837727869307,63681.811725,42454.54115,21227.270575,8490.90823
"42",90,"UTLC","Gtarget",3798.48111487067,3798.48111487067,4419.23547223258,4419.23547223258,620.754357361909,3798.48111487067,3798.48111487067,5652.40423517543,5652.40423517543,1853.92312030476,3798.48111487067,3798.48111487067,7025.78093682794,7025.78093682794,3227.29982195728,2105.00392445146,59.7113749045368,22492.8862629232,59.7113749045368,113197.290241275,59.7113749045368,19.6499681682737,114.4678,91.9749137370768,48.8069589986071,2848.860836153,1899.24055743533,949.620278717667,379.848111487067
"43",90,"WC","Gtarget",10468.08594,10468.08594,10468.08594,10468.08594,0,10468.08594,10468.08594,12376.00297,12376.00297,1907.917549,10468.08594,10468.08594,20563.3538,20563.3538,10095.26785,0,323.626125,5616.66371875,323.626125,70511.6819609374,323.626125,9.90722549106938,56.6926,51.07593628125,18.2260401752109,7851.064455,5234.04297,2617.021485,1046.808594
"44",91,"STF","Gtarget",39976.0472,39976.0472,39976.0472,39976.0472,0,39976.0472,39976.0472,42725.1973,42725.1973,2749.1499098,39976.0472,39976.0472,69693.9142,69693.9142,29717.8698,0,1169.167071875,2032.9240346875,1169.167071875,77939.73840625,1169.167071875,5.25093059546564,38.7155,36.6825759653125,6.87699285536165,29982.0354,19988.0236,9994.0118,3997.60472
"45",91,"UTLC","Gtarget",401.687580764435,401.687580764435,401.687580764435,401.687580764435,0,401.687580764435,401.687580764435,445.784693824342,445.784693824342,44.0971130599065,401.687580764435,401.687580764435,684.060566633477,684.060566633477,282.372985869041,0,12.82770729558,4504.51236831307,12.82770729558,102446.912313789,12.82770729558,3.93517859897113,114.4678,109.963287631687,10.9779627679768,301.265685573327,200.843790382218,100.421895191109,40.1687580764436
"46",91,"WC","Gtarget",2611.04994,2611.04994,2611.04994,2611.04994,0,2611.04994,2611.04994,2613.26521,2613.26521,2.215272,2611.04994,2611.04994,5075.151723,5075.151723,2464.101803,0,127.1833340625,11.8370677083333,127.1833340625,62357.5580651041,127.1833340625,0.0208793876243696,56.6926,56.6807629322917,0.0848421918732049,1958.287455,1305.52497,652.762485,261.104994
"47",92,"STF","Gtarget",17211.2887,17211.2887,17211.2887,17211.2887,0,17211.2887,17211.2887,17211.2887,17211.2887,0,17211.2887,17211.2887,29054.78704,29054.78704,11843.49797425,0,610.54655,0,610.54655,77496.4252942708,610.54655,0,38.7155,38.7155,0,12908.466525,8605.64435,4302.822175,1721.12887
"48",92,"UTLC","Gtarget",219.73362948945,219.73362948945,219.73362948945,219.73362948945,0,219.73362948945,219.73362948945,219.73362948945,219.73362948945,0,219.73362948945,219.73362948945,363.41889532631,363.41889532631,143.685265836859,0,8.87609172052295,0,8.87609172052295,81910.9544470539,8.87609172052295,0,114.4678,114.4678,0,164.800222117088,109.866814744725,54.9334073723626,21.973362948945
"49",92,"WC","Gtarget",1418.5322,1418.5322,1418.5322,1418.5322,0,1418.5322,1418.5322,1418.5322,1418.5322,0,1418.5322,1418.5322,2739.417553,2739.417553,1320.885411775,0,79.4022002083333,0,79.4022002083333,60730.1487864583,79.4022002083333,0,56.6926,56.6926,0,1063.89915,709.2661,354.63305,141.85322
"50",93,"STF","Gtarget",9229.82577,9229.82577,9229.82577,9229.82577,0,9229.82577,9229.82577,9229.82577,9229.82577,0,9229.82577,9229.82577,15005.9159725,15005.9159725,5776.0900635,0,372.985928125,0,372.985928125,79262.6410026041,372.985928125,0,38.7155,38.7155,0,6922.3693275,4614.912885,2307.4564425,922.982577
"51",93,"UTLC","Gtarget",138.297903407956,138.297903407956,138.297903407956,138.297903407956,0,138.297903407956,138.297903407956,138.297903407956,138.297903407956,0,138.297903407956,138.297903407956,220.991192458178,220.991192458178,82.6932890502216,0,6.62295584243035,0,6.62295584243035,65239.3525465216,6.62295584243035,0,114.4678,114.4678,0,103.723427555967,69.148951703978,34.574475851989,13.8297903407956
"52",93,"WC","Gtarget",780.359862,780.359862,780.359862,780.359862,0,780.359862,780.359862,780.359862,780.359862,0,780.359862,780.359862,1477.05361175,1477.05361175,696.693811175,0,49.623499375,0,49.623499375,56742.5160807291,49.623499375,0,56.6926,56.6926,0,585.2698965,390.179931,195.0899655,78.0359862
"53",94,"STF","Gtarget",2323.80817,2323.80817,2323.80817,2323.80817,0,2323.80817,2323.80817,2323.80817,2323.80817,0,2323.80817,2323.80817,3605.47315975,3605.47315975,1281.66493975,0,246.812370731707,0,246.812370731707,77830.2518109756,246.812370731707,0,38.7155,38.7155,0,1742.8561275,1161.904085,580.9520425,232.380817
"54",94,"UTLC","Gtarget",94.4793866242149,94.4793866242149,94.4793866242149,94.4793866242149,0,94.4793866242149,94.4793866242149,94.4793866242149,94.4793866242149,0,94.4793866242149,94.4793866242149,145.461354968589,145.461354968589,50.9819683443743,0,5.20322007822812,0,5.20322007822812,53778.7004745969,5.20322007822812,0,114.4678,114.4678,0,70.8595399681612,47.2396933121075,23.6198466560537,9.44793866242149
"55",94,"WC","Gtarget",103.087619,103.087619,103.087619,103.087619,0,103.087619,103.087619,103.087619,103.087619,0,103.087619,103.087619,188.404720975,188.404720975,85.3171126,0,36.2068110526316,0,36.2068110526316,55534.2661052631,36.2068110526316,0,56.6926,56.6926,0,77.31571425,51.5438095,25.77190475,10.3087619
"56",95,"UTLC","Gtarget",71.4351644301533,71.4351644301533,71.4351644301533,71.4351644301533,0,71.4351644301533,71.4351644301533,71.4351644301533,71.4351644301533,0,71.4351644301533,71.4351644301533,106.561176207759,106.561176207759,35.1260117776062,0,4.35247589741034,0,4.35247589741034,45506.9018515139,4.35247589741034,0,114.4678,114.4678,0,53.576373322615,35.7175822150766,17.8587911075383,7.14351644301533
"57",96,"UTLC","Gtarget",12.6181322754214,12.6181322754214,12.6181322754214,12.6181322754214,0,12.6181322754214,12.6181322754214,12.6181322754214,12.6181322754214,0,12.6181322754214,12.6181322754214,18.4190353370344,18.4190353370344,5.80090306161306,0,3.92471457329206,0,3.92471457329206,40310.6062384582,3.92471457329206,0,114.4678,114.4678,0,9.46359920656604,6.30906613771069,3.15453306885535,1.26181322754214
"58",98,"UTLC","Gtarget",61.2865989259228,61.2865989259228,61.2865989259228,61.2865989259228,0,61.2865989259228,61.2865989259228,61.2865989259228,61.2865989259228,0,61.2865989259228,61.2865989259228,91.2080411053718,91.2080411053718,29.9214421794489,0,4.29930596629025,0,4.29930596629025,44820.0432652003,4.29930596629025,0,114.4678,114.4678,0,45.9649491944421,30.6432994629614,15.3216497314807,6.12865989259228
"59",99,"UTLC","Gtarget",4.41634629639748,4.41634629639748,4.41634629639748,4.41634629639748,0,4.41634629639748,4.41634629639748,4.41634629639748,4.41634629639748,0,4.41634629639748,4.41634629639748,6.44666236796205,6.44666236796205,2.03031607156457,0,3.92471457329206,0,3.92471457329206,37289.9006717297,3.92471457329206,0,114.4678,114.4678,0,3.31225972229811,2.20817314819874,1.10408657409937,0.441634629639748
"60",102,"UTLC","Gtarget",26.6879834588583,26.6879834588583,26.6879834588583,26.6879834588583,0,26.6879834588583,26.6879834588583,26.6879834588583,26.6879834588583,0,26.6879834588583,26.6879834588583,39.2545635462566,39.2545635462566,12.5665800873982,0,4.06488295090963,0,4.06488295090963,40349.1293407785,4.06488295090963,0,114.4678,114.4678,0,20.0159875941437,13.3439917294292,6.67199586471458,2.66879834588583
"61",103,"UTLC","Gtarget",3.78543968262641,3.78543968262641,3.78543968262641,3.78543968262641,0,3.78543968262641,3.78543968262641,3.78543968262641,3.78543968262641,0,3.78543968262641,3.78543968262641,5.52571060111033,5.52571060111033,1.74027091848392,0,3.92471457329206,0,3.92471457329206,41078.5186345564,3.92471457329206,0,114.4678,114.4678,0,2.83907976196981,1.89271984131321,0.946359920656604,0.378543968262641
"62",104,"STF","Gtarget",1594.95091,1594.95091,1594.95091,1594.95091,0,1594.95091,1594.95091,1594.95091,1594.95091,0,1594.95091,1594.95091,2562.53092,2562.53092,967.57995,0,334.705094736842,0,334.705094736842,70966.8891052631,334.705094736842,0,38.7155,38.7155,0,1196.2131825,797.475455,398.7377275,159.495091
"63",104,"UTLC","Gtarget",550.075873526587,550.075873526587,550.075873526587,550.075873526587,0,550.075873526587,550.075873526587,727.902918214452,727.902918214452,177.827044687866,550.075873526587,550.075873526587,981.835330771245,981.835330771245,431.759457244658,0,22.4763078977211,12072.1355478287,22.4763078977211,104535.739127698,22.4763078977211,10.546315686882,114.4678,102.395664452171,32.3277302725168,412.556905144941,275.037936763294,137.518968381647,55.0075873526587
"64",104,"WC","Gtarget",66.278188,66.278188,66.278188,66.278188,0,66.278188,66.278188,66.278188,66.278188,0,66.278188,66.278188,123.137951175,123.137951175,56.85977255,0,42.288376,0,42.288376,60990.4643749999,42.288376,0,56.6926,56.6926,0,49.708641,33.139094,16.569547,6.6278188
"65",105,"STF","Gtarget",15506.0989,15506.0989,15506.0989,15506.0989,0,15506.0989,15506.0989,15506.589,15506.589,0.4900827,15506.0989,15506.0989,26058.57462,26058.57462,10552.47550825,0,562.461016666667,0.353351145833333,562.461016666667,73262.9584635416,562.461016666667,0.000912686510140211,38.7155,38.7151466488542,0.00316058025400573,11629.574175,7753.04945,3876.524725,1550.60989
"66",105,"UTLC","Gtarget",624.820212830582,624.820212830582,624.820212830582,624.820212830582,0,624.820212830582,624.820212830582,770.866254714239,770.866254714239,146.046041883657,624.820212830582,624.820212830582,1088.10261231922,1088.10261231922,463.282399488639,0,16.5966792270748,8169.35067814595,16.5966792270748,101690.765518273,16.5966792270748,7.13681111906226,114.4678,106.298449321854,23.3740904798893,468.615159622937,312.410106415291,156.205053207646,62.4820212830582
"67",105,"WC","Gtarget",1179.327,1179.327,1179.327,1179.327,0,1179.327,1179.327,1179.327,1179.327,0,1179.327,1179.327,2270.20946425,2270.20946425,1090.88246695,0,68.6010942708333,0,68.6010942708333,58975.4521953124,68.6010942708333,0,56.6926,56.6926,0,884.49525,589.6635,294.83175,117.9327
"68",106,"STF","Gtarget",8079.77421,8079.77421,8079.77421,8079.77421,0,8079.77421,8079.77421,8079.77421,8079.77421,0,8079.77421,8079.77421,13012.300563,13012.300563,4932.5269635,0,335.607698958333,0,335.607698958333,76761.802703125,335.607698958333,0,38.7155,38.7155,0,6059.8306575,4039.887105,2019.9435525,807.977421
"69",106,"UTLC","Gtarget",129.127100758757,129.127100758757,129.127100758757,129.127100758757,0,129.127100758757,129.127100758757,129.127100758757,129.127100758757,0,129.127100758757,129.127100758757,205.113394998521,205.113394998521,75.9862942397641,0,6.31943467120038,0,6.31943467120038,62778.1011616558,6.31943467120038,0,114.4678,114.4678,0,96.8453255690679,64.5635503793786,32.2817751896893,12.9127100758757
"70",106,"WC","Gtarget",440.973739,440.973739,440.973739,440.973739,0,440.973739,440.973739,440.973739,440.973739,0,440.973739,440.973739,817.447939825,817.447939825,376.47424265,0,42.0593885074627,0,42.0593885074627,55716.2026007462,42.0593885074627,0,56.6926,56.6926,0,330.73030425,220.4868695,110.24343475,44.0973739
"71",107,"STF","Gtarget",993.2623,993.2623,993.2623,993.2623,0,993.2623,993.2623,993.2623,993.2623,0,993.2623,993.2623,1541.9817675,1541.9817675,548.7194975,0,231.691389473684,0,231.691389473684,73558.5886973684,231.691389473684,0,38.7155,38.7155,0,744.946725,496.63115,248.315575,99.32623
"72",107,"UTLC","Gtarget",53.0880087733302,53.0880087733302,53.0880087733302,53.0880087733302,0,53.0880087733302,53.0880087733302,53.0880087733302,53.0880087733302,0,53.0880087733302,53.0880087733302,78.9551456469965,78.9551456469965,25.8671368736663,0,4.28685985444265,0,4.28685985444265,44477.7244625781,4.28685985444265,0,114.4678,114.4678,0,39.8160065799977,26.5440043866651,13.2720021933326,5.30880087733302
"73",108,"UTLC","Gtarget",1.89271984131321,1.89271984131321,1.89271984131321,1.89271984131321,0,1.89271984131321,1.89271984131321,1.89271984131321,1.89271984131321,0,1.89271984131321,1.89271984131321,2.76285530055517,2.76285530055517,0.870135459241959,0,3.92471457329206,0,3.92471457329206,47593.8785763931,3.92471457329206,0,114.4678,114.4678,0,1.41953988098491,0.946359920656604,0.473179960328302,0.189271984131321
"74",109,"STF","Gtarget",24144.99479,24144.99479,24144.99479,24144.99479,0,24144.99479,24144.99479,25599.21549,25599.21549,1454.2204987,24144.99479,24144.99479,41968.72307,41968.72307,17823.7277315,0,1059.55528153846,1629.68228,1059.55528153846,69094.2700461538,1059.55528153846,4.20937939584921,38.7155,37.08581772,6.02286524121466,18108.7460925,12072.497395,6036.2486975,2414.499479
"75",109,"UTLC","Gtarget",2221.02085901108,2221.02085901108,2392.61729155708,2392.61729155708,171.596432546002,2221.02085901108,2221.02085901108,3259.44643498461,3259.44643498461,1038.42557597353,2221.02085901108,2221.02085901108,4094.41033653685,4094.41033653685,1873.38947752578,853.078986580999,40.2327488831129,12971.8891087479,40.2327488831129,96745.3344223668,40.2327488831129,11.33234770717,114.4678,101.495910891252,46.7544269906541,1665.76564425831,1110.51042950554,555.25521475277,222.102085901108
"76",109,"WC","Gtarget",6337.9927,6337.9927,6337.9927,6337.9927,0,6337.9927,6337.9927,6545.12926,6545.12926,207.1358533,6337.9927,6337.9927,12395.00246725,12395.00246725,6057.009733,0,282.510238170732,579.805096829268,282.510238170732,56788.1261768292,282.510238170732,1.02271742137293,56.6926,56.1127949031707,3.2681617525372,4753.494525,3168.99635,1584.498175,633.79927
"77",110,"STF","Gtarget",52271.7992,52271.7992,52271.7992,52271.7992,0,52271.7992,52271.7992,57203.3824,57203.3824,4931.58277,52271.7992,52271.7992,91711.3269,91711.3269,39439.5258,0,1462.54733333333,3640.78380052083,1462.54733333333,73711.659109375,1462.54733333333,9.40394364148941,38.7155,35.0747161994792,9.43449975986287,39203.8494,26135.8996,13067.9498,5227.17992
"78",110,"UTLC","Gtarget",5364.97177552466,5364.97177552466,5613.1110404867,5613.1110404867,248.139264962043,5364.97177552466,5364.97177552466,7984.72289336024,7984.72289336024,2619.75111783558,5364.97177552466,5364.97177552466,9901.97887604866,9901.97887604866,4537.00710052401,544.676259917678,97.5547130979845,10590.6800242613,97.5547130979845,93128.909596329,97.5547130979845,9.25210410636121,114.4678,103.877119975739,48.8306598328635,4023.72883164349,2682.48588776233,1341.24294388116,536.497177552466
"79",110,"WC","Gtarget",7500.79606,7500.79606,7500.79606,7500.79606,0,7500.79606,7500.79606,7828.38912,7828.38912,327.5930643,7500.79606,7500.79606,14669.48234,14669.48234,7168.68568,0,288.29025,601.621897916667,288.29025,59417.3792031249,288.29025,1.06120004712549,56.6926,56.0909781020833,4.36744395767507,5625.597045,3750.39803,1875.199015,750.079606
"80",111,"STF","Gtarget",102440.564,102440.564,102440.564,102440.564,0,102440.564,102440.564,124151.7042,124151.7042,21711.1396,102440.564,102440.564,183081.214,183081.214,80640.653,0,2484.62607291667,9010.645828125,2484.62607291667,88705.5045338541,2484.62607291667,23.2740009250171,38.7155,29.704854171875,21.1938891707,76830.423,51220.282,25610.141,10244.0564
"81",111,"UTLC","Gtarget",3155.01589773705,3155.01589773705,3389.80570316342,3389.80570316342,234.78980542637,3155.01589773705,3155.01589773705,4635.193518991,4635.193518991,1480.17762125395,3155.01589773705,3155.01589773705,5828.6883319092,5828.6883319092,2673.67243417215,938.137119872597,56.0691208497772,16935.7516774486,56.0691208497772,108237.079281776,56.0691208497772,14.7952102490383,114.4678,97.5320483225514,46.9150606282401,2366.26192330279,1577.50794886853,788.753974434263,315.501589773705
"82",111,"WC","Gtarget",9430.00447,9430.00447,9430.00447,9430.00447,0,9430.00447,9430.00447,9907.99056,9907.99056,477.98570914,9430.00447,9430.00447,18460.44319,18460.44319,9030.43845,0,346.845940625,847.93768496875,346.845940625,61446.7105546874,346.845940625,1.49567612875181,56.6926,55.8446623150313,5.06877500069732,7072.5033525,4715.002235,2357.5011175,943.000447
"83",112,"STF","Gtarget",34715.5312,34715.5312,34715.5312,34715.5312,0,34715.5312,34715.5312,36644.3039,36644.3039,1928.7728398,34715.5312,34715.5312,60265.1304,60265.1304,25549.6005,0,1044.67915625,1395.79134697917,1044.67915625,78681.6076067708,1044.67915625,3.60525202303772,38.7155,37.3197086530208,5.55593641557183,26036.6484,17357.7656,8678.8828,3471.55312
"84",112,"UTLC","Gtarget",464.896405992162,464.896405992162,464.896405992162,464.896405992162,0,464.896405992162,464.896405992162,530.945777685008,530.945777685008,66.0493716928463,464.896405992162,464.896405992162,793.246520547687,793.246520547687,328.350114555525,0,14.0778959565529,6754.85826185944,14.0778959565529,106039.502321476,14.0778959565529,5.90109905306072,114.4678,107.712941738141,14.2073311046332,348.672304494121,232.448202996081,116.22410149804,46.4896405992162
"85",112,"WC","Gtarget",2175.97975,2175.97975,2175.97975,2175.97975,0,2175.97975,2175.97975,2178.46557,2178.46557,2.485823,2175.97975,2175.97975,4224.37065275,4224.37065275,2048.39095275,0,110.488786145833,17.03103125,110.488786145833,63322.0713802083,110.488786145833,0.0300410128482377,56.6926,56.67556896875,0.114239252456279,1631.9848125,1087.989875,543.9949375,217.597975
"86",113,"STF","Gtarget",12163.90673,12163.90673,12163.90673,12163.90673,0,12163.90673,12163.90673,12163.90673,12163.90673,0,12163.90673,12163.90673,20165.637545,20165.637545,8001.73093225,0,462.998094791667,0,462.998094791667,82987.977078125,462.998094791667,0,38.7155,38.7155,0,9122.9300475,6081.953365,3040.9766825,1216.390673
"87",113,"UTLC","Gtarget",231.407123171544,231.407123171544,231.407123171544,231.407123171544,0,231.407123171544,231.407123171544,231.575313936992,231.575313936992,0.168190765447562,231.407123171544,231.407123171544,382.801285997744,382.801285997744,151.394162826199,0,9.16315372619934,24.9068159560621,9.16315372619934,84473.7281936442,9.16315372619934,0.0217587967586187,114.4678,114.442893184044,0.0726817580817856,173.555342378658,115.703561585772,57.8517807928861,23.1407123171544
"88",113,"WC","Gtarget",928.914445,928.914445,928.914445,928.914445,0,928.914445,928.914445,928.914445,928.914445,0,928.914445,928.914445,1777.331673,1777.331673,848.417241875,0,56.8973884375,0,56.8973884375,59880.2542942708,56.8973884375,0,56.6926,56.6926,0,696.68583375,464.4572225,232.22861125,92.8914445
"89",114,"STF","Gtarget",3965.18386,3965.18386,3965.18386,3965.18386,0,3965.18386,3965.18386,3965.18386,3965.18386,0,3965.18386,3965.18386,6201.25935175,6201.25935175,2236.07567425,0,271.101811290323,0,271.101811290323,78185.8552580645,271.101811290323,0,38.7155,38.7155,0,2973.887895,1982.59193,991.295965,396.518386
"90",114,"UTLC","Gtarget",143.868399731801,143.868399731801,143.868399731801,143.868399731801,0,143.868399731801,143.868399731801,143.868399731801,143.868399731801,0,143.868399731801,143.868399731801,230.677756682,230.677756682,86.8093569501993,0,6.7971044328037,0,6.7971044328037,67707.2116056034,6.7971044328037,0,114.4678,114.4678,0,107.901299798851,71.9341998659005,35.9670999329503,14.3868399731801
"91",114,"WC","Gtarget",444.068675,444.068675,444.068675,444.068675,0,444.068675,444.068675,444.068675,444.068675,0,444.068675,444.068675,817.4745637,817.4745637,373.405954375,0,39.1713787837838,0,39.1713787837838,57266.1214358108,39.1713787837838,0,56.6926,56.6926,0,333.05150625,222.0343375,111.01716875,44.4068675
"92",115,"UTLC","Gtarget",165.592201123224,165.592201123224,165.592201123224,165.592201123224,0,165.592201123224,165.592201123224,179.448174775351,179.448174775351,13.8559736521275,165.592201123224,165.592201123224,270.356677604712,270.356677604712,104.764476481488,0,6.97213792455089,849.310740315872,6.97213792455089,65550.4399427087,6.97213792455089,0.741964762418665,114.4678,113.618489259684,8.36752791383981,124.194150842418,82.7961005616118,41.3980502808059,16.5592201123224
"93",116,"STF","Gtarget",45014.30383,45014.30383,45014.30383,45014.30383,0,45014.30383,45014.30383,50579.42708,50579.42708,5565.122309,45014.30383,45014.30383,79115.60605375,79115.60605375,34101.3075135,0,1353.12680113636,3621.14303863636,1353.12680113636,77852.8770028409,1353.12680113636,9.35321263740973,38.7155,35.0943569613636,12.3630087227765,33760.7278725,22507.151915,11253.5759575,4501.430383
"94",116,"UTLC","Gtarget",4813.16082587939,4813.16082587939,5202.57834139174,5202.57834139174,389.41751551234,4813.16082587939,4813.16082587939,7187.49829860002,7187.49829860002,2374.33747272062,4813.16082587939,4813.16082587939,8918.62944000733,8918.62944000733,4105.46861412794,1267.87770635066,83.1754197334988,16174.7025807787,83.1754197334988,100518.114820805,83.1754197334988,14.1303515755336,114.4678,98.2930974192213,49.330108812369,3609.87061940955,2406.5804129397,1203.29020646985,481.316082587939
"95",116,"WC","Gtarget",9531.997418,9531.997418,9531.997418,9531.997418,0,9531.997418,9531.997418,10089.012118,10089.012118,557.0145267,9531.997418,9531.997418,18661.75565935,18661.75565935,9129.7581395,0,346.355707395833,1145.72599520833,346.355707395833,59251.6064322916,346.355707395833,2.02094452399137,56.6926,55.5468740047917,5.84362859402529,7148.9980635,4765.998709,2382.9993545,953.1997418
"96",117,"STF","Gtarget",47109.1557,47109.1557,47109.1557,47109.1557,0,47109.1557,47109.1557,52175.3128,52175.3128,5066.1557263,47109.1557,47109.1557,82638.224,82638.224,35529.0701,0,1319.83037395833,2960.26824192708,1319.83037395833,80431.8733385416,1319.83037395833,7.64620950763153,38.7155,35.7552317580729,10.7540788006523,35331.866775,23554.57785,11777.288925,4710.91557
"97",117,"UTLC","Gtarget",440.621715685482,440.621715685482,440.621715685482,440.621715685482,0,440.621715685482,440.621715685482,501.293531316462,501.293531316462,60.6718156309807,440.621715685482,440.621715685482,745.685209314572,745.685209314572,305.06349362909,0,13.5770417789547,5857.82468999154,13.5770417789547,105889.28686241,13.5770417789547,5.11744323730477,114.4678,108.609975310008,13.7695927075661,330.466286764111,220.310857842741,110.15542892137,44.0621715685482
"98",117,"WC","Gtarget",3318.32141,3318.32141,3318.32141,3318.32141,0,3318.32141,3318.32141,3334.46686,3334.46686,16.1454539,3318.32141,3318.32141,6460.08353775,6460.08353775,3141.76198775,0,153.006524791667,57.4142510416667,153.006524791667,64112.2698802083,153.006524791667,0.101272919290466,56.6926,56.6351857489583,0.486554854250842,2488.7410575,1659.160705,829.5803525,331.832141
"99",118,"STF","Gtarget",35554.3896,35554.3896,35554.3896,35554.3896,0,35554.3896,35554.3896,37089.6438,37089.6438,1535.2540023,35554.3896,35554.3896,61693.0017,61693.0017,26138.612,0,1073.15520416667,1384.1367225,1073.15520416667,79590.2060182291,1073.15520416667,3.575148771164,38.7155,37.3313632775,4.3180434809096,26665.7922,17777.1948,8888.5974,3555.43896
"100",118,"UTLC","Gtarget",3209.50624138272,3209.50624138272,3483.00701089169,3483.00701089169,273.500769508974,3209.50624138272,3209.50624138272,4759.00888505268,4759.00888505268,1549.50264366996,3209.50624138272,3209.50624138272,5933.11746737495,5933.11746737495,2723.61122599224,1105.28369907333,56.3806061333717,16696.2991003498,56.3806061333717,108857.392652057,56.3806061333717,14.5860225324063,114.4678,97.7715008996502,48.2785365453101,2407.12968103704,1604.75312069136,802.376560345679,320.950624138272
"101",118,"WC","Gtarget",4529.07072,4529.07072,4529.07072,4529.07072,0,4529.07072,4529.07072,4529.73429,4529.73429,0.6635664,4529.07072,4529.07072,8831.6415,8831.6415,4302.57078,0,196.614466666667,6.32512604166667,196.614466666667,62283.8209869791,196.614466666667,0.0111568812184777,56.6926,56.6862748739583,0.0146512704486981,3396.80304,2264.53536,1132.26768,452.907072
"102",119,"STF","Gtarget",23995.2855,23995.2855,23995.2855,23995.2855,0,23995.2855,23995.2855,24149.5135,24149.5135,154.2281297,23995.2855,23995.2855,41079.646905,41079.646905,17084.361705,0,787.491429166667,169.015691354167,787.491429166667,79855.8626041666,787.491429166667,0.43655820370179,38.7155,38.5464843086458,0.642743466002936,17996.464125,11997.64275,5998.821375,2399.52855
"103",119,"UTLC","Gtarget",1590.42706050108,1590.42706050108,1732.51656378723,1732.51656378723,142.089503286153,1590.42706050108,1590.42706050108,2282.2849299168,2282.2849299168,691.857869415724,1590.42706050108,1590.42706050108,2907.0032991669,2907.0032991669,1316.57623866583,564.681667280988,31.0336681611353,9242.49645523749,31.0336681611353,105569.282770299,31.0336681611353,8.0743199880119,114.4678,105.225303544763,43.501389444276,1192.82029537581,795.213530250538,397.606765125269,159.042706050108
"104",119,"WC","Gtarget",2164.72939,2164.72939,2164.72939,2164.72939,0,2164.72939,2164.72939,2165.18633,2165.18633,0.45693212,2164.72939,2164.72939,4201.293414,4201.293414,2036.56401925,0,110.4233028125,4.37001979166667,110.4233028125,62145.1782630208,110.4233028125,0.00770827196435984,56.6926,56.6882299802083,0.0211080480595314,1623.5470425,1082.364695,541.1823475,216.472939
"105",120,"STF","Gtarget",18444.7665,18444.7665,18444.7665,18444.7665,0,18444.7665,18444.7665,18444.7665,18444.7665,0,18444.7665,18444.7665,31232.278545,31232.278545,12787.511545,0,644.597560416667,0,644.597560416667,79313.2891458333,644.597560416667,0,38.7155,38.7155,0,13833.574875,9222.38325,4611.191625,1844.47665
"106",120,"UTLC","Gtarget",1796.10935081147,1796.10935081147,1827.10211276171,1827.10211276171,30.9927619502443,1796.10935081147,1796.10935081147,2531.20526865092,2531.20526865092,735.095917839454,1796.10935081147,1796.10935081147,3279.32142904981,3279.32142904981,1483.21207823834,278.304500288272,35.0881092758335,17306.8813148336,35.0881092758335,113317.177517717,35.0881092758335,15.1194321152617,114.4678,97.1609186851664,40.9271249274073,1347.0820131086,898.054675405735,449.027337702867,179.610935081147
"107",120,"WC","Gtarget",2148.31681,2148.31681,2148.31681,2148.31681,0,2148.31681,2148.31681,2148.88112,2148.88112,0.5643128,2148.31681,2148.31681,4169.08313,4169.08313,2020.76634,0,110.143672395833,5.84115104166667,110.143672395833,62722.4014609374,110.143672395833,0.0103031983745086,56.6926,56.6867588489583,0.0262676713868845,1611.2376075,1074.158405,537.0792025,214.831681
"108",121,"STF","Gtarget",22219.3929,22219.3929,22219.3929,22219.3929,0,22219.3929,22219.3929,22229.83855,22229.83855,10.445574,22219.3929,22219.3929,37668.8696225,37668.8696225,15449.47657,0,771.386228125,5.23639114583333,771.386228125,77414.5060781249,771.386228125,0.013525309361453,38.7155,38.7102636088542,0.0470110684257264,16664.544675,11109.69645,5554.848225,2221.93929
"109",121,"UTLC","Gtarget",4326.5156355673,4326.5156355673,5483.36898758561,5483.36898758561,1156.8533520183,4326.5156355673,4326.5156355673,6817.97309333114,6817.97309333114,2491.45745776384,4326.5156355673,4326.5156355673,8164.15522804114,8164.15522804114,3837.63959247384,3780.84958554206,58.0707677574221,21340.409625907,58.0707677574221,106543.187566138,58.0707677574221,18.6431552156214,114.4678,93.127390374093,57.5857726546075,3244.88672667548,2163.25781778365,1081.62890889183,432.65156355673
"110",121,"WC","Gtarget",2433.85036,2433.85036,2433.85036,2433.85036,0,2433.85036,2433.85036,2450.77966,2450.77966,16.9293,2433.85036,2433.85036,4737.00267,4737.00267,2303.15242,0,113.453200104167,93.6721458333333,113.453200104167,48878.2305494791,113.453200104167,0.165228170578406,56.6926,56.5989278541667,0.695576863649087,1825.38777,1216.92518,608.46259,243.385036
"111",122,"STF","Gtarget",15211.6216,15211.6216,15211.6216,15211.6216,0,15211.6216,15211.6216,15211.6216,15211.6216,0,15211.6216,15211.6216,25393.0960525,25393.0960525,10181.4753125,0,573.132919791667,0,573.132919791667,79849.0353177083,573.132919791667,0,38.7155,38.7155,0,11408.7162,7605.8108,3802.9054,1521.16216
"112",122,"UTLC","Gtarget",1760.42757738307,1760.42757738307,1988.84464857979,1988.84464857979,228.417071196718,1760.42757738307,1760.42757738307,2527.53430951932,2527.53430951932,767.106732136244,1760.42757738307,1760.42757738307,3253.91260689442,3253.91260689442,1493.48502951135,2419.78641724311,28.3593192290909,20499.154156723,28.3593192290909,113386.953433381,28.3593192290909,17.9082276035034,114.4678,93.9686458432769,43.5750235903808,1320.32068303731,880.213788691537,440.106894345769,176.042757738307
"113",122,"WC","Gtarget",1891.36481,1891.36481,1891.36481,1891.36481,0,1891.36481,1891.36481,1895.32319,1895.32319,3.958388,1891.36481,1891.36481,3675.31035,3675.31035,1783.94583,0,93.2455978125,32.308021875,93.2455978125,49038.119015625,93.2455978125,0.0569880758247108,56.6926,56.660291978125,0.209287387555868,1418.5236075,945.682405,472.8412025,189.136481
"114",123,"STF","Gtarget",33576.813,33576.813,33576.813,33576.813,0,33576.813,33576.813,34210.204,34210.204,633.3912329,33576.813,33576.813,57891.5758,57891.5758,24314.76241,0,1055.63427604167,495.176166770833,1055.63427604167,74358.8768333333,1055.63427604167,1.27901271266246,38.7155,38.2203238332292,1.88639473585537,25182.60975,16788.4065,8394.20325,3357.6813
"115",123,"UTLC","Gtarget",1652.90680443729,1652.90680443729,1858.46600301442,1858.46600301442,205.559198577123,1652.90680443729,1652.90680443729,2350.80798542553,2350.80798542553,697.901180988232,1652.90680443729,1652.90680443729,3056.27747783586,3056.27747783586,1403.37067339857,2173.83943492103,27.0889548167943,20289.4438968827,27.0889548167943,113866.01753017,27.0889548167943,17.7250230168508,114.4678,94.1783561031173,42.2226576304658,1239.68010332797,826.453402218647,413.226701109323,165.290680443729
"116",123,"WC","Gtarget",5535.89118,5535.89118,5535.89118,5535.89118,0,5535.89118,5535.89118,5690.32754,5690.32754,154.43634144,5535.89118,5535.89118,10827.1559,10827.1559,5291.26435,0,212.349786145833,346.132559791667,212.349786145833,47556.435375,212.349786145833,0.610542751243842,56.6926,56.3464674402083,2.78972863480311,4151.918385,2767.94559,1383.972795,553.589118
"117",124,"STF","Gtarget",29943.5729,29943.5729,29943.5729,29943.5729,0,29943.5729,29943.5729,30367.7737,30367.7737,424.201114,29943.5729,29943.5729,51394.2032,51394.2032,21450.6302,0,967.975911458333,367.629437708333,967.975911458333,72976.8953046875,967.975911458333,0.949566550111282,38.7155,38.3478705622917,1.41666832951655,22457.679675,14971.78645,7485.893225,2994.35729
"118",124,"UTLC","Gtarget",512.780716502562,512.780716502562,512.780716502562,512.780716502562,0,512.780716502562,512.780716502562,645.603684192512,645.603684192512,132.82296768995,512.780716502562,512.780716502562,902.44648455342,902.44648455342,389.665768050858,0,12.6930253064803,11839.6727078911,12.6930253064803,104711.681306603,12.6930253064803,10.3432342614177,114.4678,102.628127292109,25.9024888057167,384.585537376921,256.390358251281,128.19517912564,51.2780716502562
"119",124,"WC","Gtarget",2947.08464,2947.08464,2947.08464,2947.08464,0,2947.08464,2947.08464,2953.6426,2953.6426,6.557961,2947.08464,2947.08464,5743.11162,5743.11162,2796.027,0,131.126453958333,38.0882916666667,131.126453958333,47254.6813255208,131.126453958333,0.0671838858451838,56.6926,56.6545117083333,0.222523673429345,2210.31348,1473.54232,736.77116,294.708464
"120",125,"STF","Gtarget",12564.43651,12564.43651,12564.43651,12564.43651,0,12564.43651,12564.43651,12564.43651,12564.43651,0,12564.43651,12564.43651,20772.5495375,20772.5495375,8208.1132245,0,491.633507291667,0,491.633507291667,78278.342765625,491.633507291667,0,38.7155,38.7155,0,9423.3273825,6282.218255,3141.1091275,1256.443651
"121",125,"UTLC","Gtarget",292.252099646792,292.252099646792,292.252099646792,292.252099646792,0,292.252099646792,292.252099646792,334.074314741894,334.074314741894,41.8222150951026,292.252099646792,292.252099646792,504.114087243562,504.114087243562,211.86198759677,0,8.96369695653393,5974.63171938185,8.96369695653393,94184.1369541531,8.96369695653393,5.2194868071037,114.4678,108.493168280618,14.3103215154477,219.189074735094,146.126049823396,73.0630249116979,29.2252099646792
"122",125,"WC","Gtarget",1360.15969,1360.15969,1360.15969,1360.15969,0,1360.15969,1360.15969,1360.4595,1360.4595,0.2998069,1360.15969,1360.15969,2637.62101,2637.62101,1277.46131,0,71.78673875,2.87026145833333,71.78673875,47993.2742239583,71.78673875,0.00506285028087146,56.6926,56.6897297385417,0.0220420368434827,1020.1197675,680.079845,340.0399225,136.015969
"123",126,"STF","Gtarget",6752.53839,6752.53839,6752.53839,6752.53839,0,6752.53839,6752.53839,6752.53839,6752.53839,0,6752.53839,6752.53839,10654.05359275,10654.05359275,3901.51493375,0,301.715977083333,0,301.715977083333,78170.5242526041,301.715977083333,0,38.7155,38.7155,0,5064.4037925,3376.269195,1688.1345975,675.253839
"124",126,"UTLC","Gtarget",180.345675049848,180.345675049848,180.345675049848,180.345675049848,0,180.345675049848,180.345675049848,183.883519397928,183.883519397928,3.53784434808029,180.345675049848,180.345675049848,303.939037730894,303.939037730894,123.593362681047,0,6.60985930209739,631.822613198047,6.60985930209739,81424.5533122146,6.60985930209739,0.551965367726162,114.4678,113.835977386802,1.96170179689778,135.259256287386,90.1728375249238,45.0864187624619,18.0345675049848
"125",126,"WC","Gtarget",736.311169,736.311169,736.311169,736.311169,0,736.311169,736.311169,736.311169,736.311169,0,736.311169,736.311169,1421.58676,1421.58676,685.275613,0,44.3017022916667,0,44.3017022916667,47335.0586119791,44.3017022916667,0,56.6926,56.6926,0,552.23337675,368.1555845,184.07779225,73.6311169
"126",127,"STF","Gtarget",691.52956,691.52956,691.52956,691.52956,0,691.52956,691.52956,691.52956,691.52956,0,691.52956,691.52956,1051.6415185,1051.6415185,360.1119485,0,229.002371428571,0,229.002371428571,76670.7561785714,229.002371428571,0,38.7155,38.7155,0,518.64717,345.76478,172.88239,69.152956
"127",127,"UTLC","Gtarget",129.781810404863,129.781810404863,129.781810404863,129.781810404863,0,129.781810404863,129.781810404863,129.781810404863,129.781810404863,0,129.781810404863,129.781810404863,214.00949670246,214.00949670246,84.2276862975961,0,5.36657287184052,0,5.36657287184052,72787.8079387251,5.36657287184052,0,114.4678,114.4678,0,97.3363578036474,64.8909052024316,32.4454526012158,12.9781810404863
"128",127,"WC","Gtarget",11.046814,11.046814,11.046814,11.046814,0,11.046814,11.046814,11.046814,11.046814,0,11.046814,11.046814,21.26994,21.26994,10.223134,0,34.32001,0,34.32001,50082.205,34.32001,0,56.6926,56.6926,0,8.2851105,5.523407,2.7617035,1.1046814
"129",128,"UTLC","Gtarget",100.979346878698,100.979346878698,100.979346878698,100.979346878698,0,100.979346878698,100.979346878698,100.979346878698,100.979346878698,0,100.979346878698,100.979346878698,163.236084860459,163.236084860459,62.2567379817613,0,4.63902202441347,0,4.63902202441347,66803.3767037059,4.63902202441347,0,114.4678,114.4678,0,75.7345101590235,50.489673439349,25.2448367196745,10.0979346878698
"130",129,"UTLC","Gtarget",100.883786955006,100.883786955006,100.883786955006,100.883786955006,0,100.883786955006,100.883786955006,100.883786955006,100.883786955006,0,100.883786955006,100.883786955006,162.994175085881,162.994175085881,62.1103881308754,0,4.57122351702564,0,4.57122351702564,67114.6141432145,4.57122351702564,0,114.4678,114.4678,0,75.6628402162543,50.4418934775028,25.2209467387514,10.0883786955006
"131",130,"STF","Gtarget",43106.57396,43106.57396,43106.57396,43106.57396,0,43106.57396,43106.57396,46050.95191,46050.95191,2944.378027,43106.57396,43106.57396,75150.048,75150.048,32043.47405,0,1358.94131011236,1915.81276719101,1358.94131011236,63591.9468511236,1358.94131011236,4.94843865426253,38.7155,36.799687232809,6.83046170575324,32329.93047,21553.28698,10776.64349,4310.657396
"132",130,"UTLC","Gtarget",134.060631004911,134.060631004911,134.060631004911,134.060631004911,0,134.060631004911,134.060631004911,134.060631004911,134.060631004911,0,134.060631004911,134.060631004911,221.130265673195,221.130265673195,87.0696346682839,0,5.46992935230599,0,5.46992935230599,73193.6454829446,5.46992935230599,0,114.4678,114.4678,0,100.545473253683,67.0303155024553,33.5151577512277,13.4060631004911
"133",130,"WC","Gtarget",1473.319704,1473.319704,1473.319704,1473.319704,0,1473.319704,1473.319704,1475.588744,1475.588744,2.2690359,1473.319704,1473.319704,2860.58112,2860.58112,1387.261467,0,81.4945840909091,17.6614534090909,81.4945840909091,49770.1410710227,81.4945840909091,0.0311530136368607,56.6926,56.6749385465909,0.154008386220565,1104.989778,736.659852,368.329926,147.3319704
"134",131,"STF","Gtarget",29839.9932,29839.9932,29839.9932,29839.9932,0,29839.9932,29839.9932,30573.9685,30573.9685,733.975336,29839.9932,29839.9932,51293.5658,51293.5658,21453.57243,0,955.835060416667,465.8814503125,955.835060416667,65618.7880364583,955.835060416667,1.20334607666826,38.7155,38.2496185496875,2.45970342915494,22379.9949,14919.9966,7459.9983,2983.99932
"135",131,"UTLC","Gtarget",52.4016815938428,52.4016815938428,52.4016815938428,52.4016815938428,0,52.4016815938428,52.4016815938428,52.4016815938428,52.4016815938428,0,52.4016815938428,52.4016815938428,84.0977289026255,84.0977289026255,31.6960473087826,0,4.29695235848033,0,4.29695235848033,64768.1644552912,4.29695235848033,0,114.4678,114.4678,0,39.3012611953821,26.2008407969214,13.1004203984607,5.24016815938428
"136",131,"WC","Gtarget",896.133052,896.133052,896.133052,896.133052,0,896.133052,896.133052,896.133052,896.133052,0,896.133052,896.133052,1732.98982675,1732.98982675,836.856790275,0,51.42338875,0,51.42338875,49601.0895338541,51.42338875,0,56.6926,56.6926,0,672.099789,448.066526,224.033263,89.6133052
"137",132,"STF","Gtarget",10115.05442,10115.05442,10115.05442,10115.05442,0,10115.05442,10115.05442,10115.05442,10115.05442,0,10115.05442,10115.05442,16495.675795,16495.675795,6380.62181125,0,415.142628125,0,415.142628125,73151.2022421875,415.142628125,0,38.7155,38.7155,0,7586.290815,5057.52721,2528.763605,1011.505442
"138",132,"UTLC","Gtarget",5.21936480003452,5.21936480003452,5.21936480003452,5.21936480003452,0,5.21936480003452,5.21936480003452,5.21936480003452,5.21936480003452,0,5.21936480003452,5.21936480003452,8.22817284108348,8.22817284108348,3.00880804104893,0,4.05780373991885,0,4.05780373991885,62862.9447127537,4.05780373991885,0,114.4678,114.4678,0,3.91452360002589,2.60968240001726,1.30484120000863,0.521936480003452
"139",132,"WC","Gtarget",316.968384,316.968384,316.968384,316.968384,0,316.968384,316.968384,316.968384,316.968384,0,316.968384,316.968384,611.3868465,611.3868465,294.418510175,0,40.6506756521739,0,40.6506756521739,49230.6949619565,40.6506756521739,0,56.6926,56.6926,0,237.726288,158.484192,79.242096,31.6968384
"140",133,"STF","Gtarget",31449.7662,31449.7662,31449.7662,31449.7662,0,31449.7662,31449.7662,31714.4563,31714.4563,264.6900907,31449.7662,31449.7662,54032.8276,54032.8276,22583.0614,0,1010.575059375,106.737176875,1010.575059375,64913.6901354166,1010.575059375,0.275696237618008,38.7155,38.608762823125,0.841628166698422,23587.32465,15724.8831,7862.44155,3144.97662
"141",133,"UTLC","Gtarget",462.832274625382,462.832274625382,462.832274625382,462.832274625382,0,462.832274625382,462.832274625382,590.905682821512,590.905682821512,128.07340819613,462.832274625382,462.832274625382,814.665904450318,814.665904450318,351.833629824936,0,11.2601930019451,8604.45258119883,11.2601930019451,94008.6812025363,11.2601930019451,7.51691967627475,114.4678,105.863347418801,27.671667517092,347.124205969036,231.416137312691,115.708068656345,46.2832274625382
"142",133,"WC","Gtarget",3640.87776,3640.87776,3640.87776,3640.87776,0,3640.87776,3640.87776,3641.58447,3641.58447,0.7067087,3640.87776,3640.87776,7106.14221,7106.14221,3465.26463,0,152.441956458333,7.44141875,152.441956458333,45749.7701875,152.441956458333,0.0131259084077993,56.6926,56.68515858125,0.0194103934980778,2730.65832,1820.43888,910.21944,364.087776
"143",134,"STF","Gtarget",29036.6666,29036.6666,29036.6666,29036.6666,0,29036.6666,29036.6666,29100.2485,29100.2485,63.5820552,29036.6666,29036.6666,49765.0189,49765.0189,20728.3527,0,946.933010416667,53.7068538541667,946.933010416667,66496.3072734375,946.933010416667,0.138721839713207,38.7155,38.6617931461458,0.218971606058941,21777.49995,14518.3333,7259.16665,2903.66666
"144",134,"UTLC","Gtarget",164.511739463595,164.511739463595,164.511739463595,164.511739463595,0,164.511739463595,164.511739463595,169.151175074529,169.151175074529,4.63943561093394,164.511739463595,164.511739463595,275.39654695244,275.39654695244,110.884807488845,0,6.19908808435701,758.296766023757,6.19908808435701,78156.104745161,6.19908808435701,0.662454215092591,114.4678,113.709503233976,2.82012434253095,123.383804597696,82.2558697317974,41.1279348658987,16.4511739463595
"145",134,"WC","Gtarget",2852.73421,2852.73421,2852.73421,2852.73421,0,2852.73421,2852.73421,2858.07177,2858.07177,5.337556,2852.73421,2852.73421,5558.6454,5558.6454,2705.91118,0,127.45057625,25.9846979166667,127.45057625,44324.2087838541,127.45057625,0.0458343732985728,56.6926,56.6666153020833,0.187103165142048,2139.5506575,1426.367105,713.1835525,285.273421
"146",135,"STF","Gtarget",11180.4024,11180.4024,11180.4024,11180.4024,0,11180.4024,11180.4024,11180.4024,11180.4024,0,11180.4024,11180.4024,18357.905605,18357.905605,7177.50334825,0,447.8308875,0,447.8308875,72296.7900260416,447.8308875,0,38.7155,38.7155,0,8385.3018,5590.2012,2795.1006,1118.04024
"147",135,"UTLC","Gtarget",55.8147208490771,55.8147208490771,55.8147208490771,55.8147208490771,0,55.8147208490771,55.8147208490771,55.8147208490771,55.8147208490771,0,55.8147208490771,55.8147208490771,89.6659043578892,89.6659043578892,33.8511835088122,0,4.37033227565947,0,4.37033227565947,65658.0697717588,4.37033227565947,0,114.4678,114.4678,0,41.8610406368078,27.9073604245385,13.9536802122693,5.58147208490771
"148",135,"WC","Gtarget",1196.728583,1196.728583,1196.728583,1196.728583,0,1196.728583,1196.728583,1196.930343,1196.930343,0.2017687,1196.728583,1196.728583,2318.76935,2318.76935,1122.04074,0,64.8331838541667,2.91126979166667,64.8331838541667,45897.4232447916,64.8331838541667,0.00513518482423926,56.6926,56.6896887302083,0.0168600218016185,897.54643725,598.3642915,299.18214575,119.6728583
"149",136,"STF","Gtarget",3929.90638,3929.90638,3929.90638,3929.90638,0,3929.90638,3929.90638,3929.90638,3929.90638,0,3929.90638,3929.90638,6126.55037275,6126.55037275,2196.64390275,0,268.103876923077,0,268.103876923077,72694.2476923077,268.103876923077,0,38.7155,38.7155,0,2947.429785,1964.95319,982.476595,392.990638
"150",136,"UTLC","Gtarget",0.917165432937317,0.917165432937317,0.917165432937317,0.917165432937317,0,0.917165432937317,0.917165432937317,0.917165432937317,0.917165432937317,0,0.917165432937317,0.917165432937317,1.46985995336151,1.46985995336151,0.552694520424188,0,4.19655627533827,0,4.19655627533827,72586.4882605416,4.19655627533827,0,114.4678,114.4678,0,0.687874074702988,0.458582716468659,0.229291358234329,0.0917165432937317
"151",136,"WC","Gtarget",364.006181,364.006181,364.006181,364.006181,0,364.006181,364.006181,364.006181,364.006181,0,364.006181,364.006181,701.95895,701.95895,337.952798,0,40.087212037037,0,40.087212037037,46645.8567407407,40.087212037037,0,56.6926,56.6926,0,273.00463575,182.0030905,91.00154525,36.4006181
"152",137,"STF","Gtarget",5307.04981,5307.04981,5307.04981,5307.04981,0,5307.04981,5307.04981,5307.04981,5307.04981,0,5307.04981,5307.04981,8637.94665275,8637.94665275,3330.897117,0,399.300173076923,0,399.300173076923,84435.2499951923,399.300173076923,0,38.7155,38.7155,0,3980.2873575,2653.524905,1326.7624525,530.704981
"153",137,"UTLC","Gtarget",8229.4867259361,8229.4867259361,9960.43843476026,9960.43843476026,1730.95170882416,8229.4867259361,8229.4867259361,12994.2428069914,12994.2428069914,4764.7560810553,8229.4867259361,8229.4867259361,15453.2794626873,15453.2794626873,7223.79273675124,3194.99763356573,120.011032242408,18635.1482163724,120.011032242408,96121.8639303945,120.011032242408,16.279816871096,114.4678,95.8326517836276,57.898581524394,6172.11504445208,4114.74336296805,2057.37168148402,822.94867259361
"154",137,"WC","Gtarget",1701.442806,1701.442806,1701.442806,1701.442806,0,1701.442806,1701.442806,1717.268641,1717.268641,15.825845,1701.442806,1701.442806,3312.73543,3312.73543,1611.292649,0,105.810079014085,97.7227887323944,105.810079014085,49423.4636197183,105.810079014085,0.172373094076466,56.6926,56.5948772112676,0.930142638012365,1276.0821045,850.721403,425.3607015,170.1442806
"155",138,"STF","Gtarget",13853.90342,13853.90342,13853.90342,13853.90342,0,13853.90342,13853.90342,13853.90342,13853.90342,0,13853.90342,13853.90342,23019.025915,23019.025915,9165.12297925,0,529.737360416667,0,529.737360416667,84779.5514453124,529.737360416667,0,38.7155,38.7155,0,10390.427565,6926.95171,3463.475855,1385.390342
"156",138,"UTLC","Gtarget",1242.25841441843,1242.25841441843,1321.2897509681,1321.2897509681,79.031336549675,1242.25841441843,1242.25841441843,1722.74716917364,1722.74716917364,480.488754755213,1242.25841441843,1242.25841441843,2264.72012596042,2264.72012596042,1022.46171154199,1257.64493287421,22.2350938009615,19261.9902682344,22.2350938009615,113382.117563827,22.2350938009615,16.8274311799776,114.4678,95.2058097317656,38.6786476290569,931.69381081382,621.129207209214,310.564603604607,124.225841441843
"157",138,"WC","Gtarget",1602.08193,1602.08193,1602.08193,1602.08193,0,1602.08193,1602.08193,1602.28369,1602.28369,0.2017687,1602.08193,1602.08193,3110.48645,3110.48645,1508.404586,0,81.3171254166667,2.35085260416667,81.3171254166667,51501.473078125,81.3171254166667,0.00414666570975165,56.6926,56.6902491473958,0.0125941561552973,1201.5614475,801.040965,400.5204825,160.208193
"158",139,"STF","Gtarget",10129.16829,10129.16829,10129.16829,10129.16829,0,10129.16829,10129.16829,10129.16829,10129.16829,0,10129.16829,10129.16829,16535.96311,16535.96311,6406.79511625,0,405.691879166667,0,405.691879166667,85253.0844817708,405.691879166667,0,38.7155,38.7155,0,7596.8762175,5064.584145,2532.2920725,1012.916829
"159",139,"UTLC","Gtarget",465.334696470225,465.334696470225,465.334696470225,465.334696470225,0,465.334696470225,465.334696470225,575.109978571498,575.109978571498,109.775282101273,465.334696470225,465.334696470225,817.267470502788,817.267470502788,351.932774032563,0,11.9488232510739,10912.6906555893,11.9488232510739,106084.447157841,11.9488232510739,9.53341520985754,114.4678,103.555109344411,23.5906075635382,349.001022352669,232.667348235113,116.333674117556,46.5334696470225
"160",139,"WC","Gtarget",1564.554761,1564.554761,1564.554761,1564.554761,0,1564.554761,1564.554761,1564.887161,1564.887161,0.3323957,1564.554761,1564.554761,3040.22973,3040.22973,1475.674977,0,76.0024088541667,1.17750625,76.0024088541667,52237.815375,76.0024088541667,0.00207700167217591,56.6926,56.69142249375,0.021245386117872,1173.41607075,782.2773805,391.13869025,156.4554761
"161",140,"STF","Gtarget",57124.9477,57124.9477,57124.9477,57124.9477,0,57124.9477,57124.9477,61839.40425,61839.40425,4714.4563255,57124.9477,57124.9477,100035.4638,100035.4638,42910.5172,0,1620.07742708333,3256.83777916667,1620.07742708333,72527.2726197916,1620.07742708333,8.41223225624535,38.7155,35.4586622208333,8.25288514968741,42843.710775,28562.47385,14281.236925,5712.49477
"162",140,"UTLC","Gtarget",376.440081476544,376.440081476544,376.440081476544,376.440081476544,0,376.440081476544,376.440081476544,452.321890516254,452.321890516254,75.8818090397108,376.440081476544,376.440081476544,654.873812311433,654.873812311433,278.43373083489,0,10.4067941170058,8329.9394605055,10.4067941170058,99044.9926794721,10.4067941170058,7.27710278393181,114.4678,106.137860539494,20.1577389798857,282.330061107408,188.220040738272,94.1100203691359,37.6440081476544
"163",140,"WC","Gtarget",6349.15201,6349.15201,6349.15201,6349.15201,0,6349.15201,6349.15201,6634.80243,6634.80243,285.6503779,6349.15201,6349.15201,12424.08372,12424.08372,6074.93138,0,238.038467708333,764.1972703125,238.038467708333,46121.0234765625,238.038467708333,1.34796652528284,56.6926,55.9284027296875,4.49903195655257,4761.8640075,3174.576005,1587.2880025,634.915201
"164",141,"STF","Gtarget",21958.6961,21958.6961,21958.6961,21958.6961,0,21958.6961,21958.6961,22064.3392,22064.3392,105.6430467,21958.6961,21958.6961,37277.2357775,37277.2357775,15318.53967425,0,755.104035416667,73.1404844791667,755.104035416667,75440.702796875,755.104035416667,0.188917835180139,38.7155,38.6423595155208,0.481098905959175,16469.022075,10979.34805,5489.674025,2195.86961
"165",141,"UTLC","Gtarget",193.498346483146,193.498346483146,193.498346483146,193.498346483146,0,193.498346483146,193.498346483146,199.376193910497,199.376193910497,5.87784742735089,193.498346483146,193.498346483146,326.177572220784,326.177572220784,132.679225737637,0,6.91727403937232,1083.69953076464,6.91727403937232,83769.5208009893,6.91727403937232,0.946728713895646,114.4678,113.384100469235,3.03767320712627,145.12375986236,96.7491732415732,48.3745866207866,19.3498346483147
"166",141,"WC","Gtarget",1610.18629,1610.18629,1610.18629,1610.18629,0,1610.18629,1610.18629,1613.476185,1613.476185,3.28989635,1610.18629,1610.18629,3126.23236,3126.23236,1516.04611,0,81.718871875,25.1596520833333,81.718871875,47728.7165859375,81.718871875,0.0443790760757724,56.6926,56.6674403479167,0.204317746985661,1207.6397175,805.093145,402.5465725,161.018629
"167",142,"STF","Gtarget",8238.95499,8238.95499,8238.95499,8238.95499,0,8238.95499,8238.95499,8238.95499,8238.95499,0,8238.95499,8238.95499,13232.5826775,13232.5826775,4993.62782075,0,353.022555208333,0,353.022555208333,79213.6803515624,353.022555208333,0,38.7155,38.7155,0,6179.2162425,4119.477495,2059.7387475,823.895499
"168",142,"UTLC","Gtarget",2199.0072515016,2199.0072515016,2751.75972293481,2751.75972293481,552.752471433201,2199.0072515016,2199.0072515016,3425.17969358622,3425.17969358622,1226.17244208461,2199.0072515016,2199.0072515016,4120.34134404702,4120.34134404702,1921.33409254541,1748.95160433128,31.4805433549287,11781.9438538502,31.4805433549287,94653.2876205066,31.4805433549287,10.2928018655466,114.4678,102.68585614615,55.760272788883,1649.2554386262,1099.5036257508,549.751812875401,219.90072515016
"169",142,"WC","Gtarget",809.666376,809.666376,809.666376,809.666376,0,809.666376,809.666376,809.666376,809.666376,0,809.666376,809.666376,1564.28486,1564.28486,754.618451,0,47.7846738541667,0,47.7846738541667,48878.4751510416,47.7846738541667,0,56.6926,56.6926,0,607.249782,404.833188,202.416594,80.9666376
"170",143,"STF","Gtarget",10059.75834,10059.75834,10059.75834,10059.75834,0,10059.75834,10059.75834,10059.75834,10059.75834,0,10059.75834,10059.75834,16411.31020225,16411.31020225,6351.55149675,0,409.496960416667,0,409.496960416667,80025.7543255208,409.496960416667,0,38.7155,38.7155,0,7544.818755,5029.87917,2514.939585,1005.975834
"171",143,"UTLC","Gtarget",1430.1477706313,1430.1477706313,1619.6178774923,1619.6178774923,189.470106860999,1430.1477706313,1430.1477706313,2073.74919944276,2073.74919944276,643.601428811459,1430.1477706313,1430.1477706313,2630.32576019495,2630.32576019495,1200.17798956365,1338.96683561855,24.0965723309888,17186.7351055437,24.0965723309888,109777.194690284,24.0965723309888,15.0144714107756,114.4678,97.2810648944563,45.0024425467138,1072.61082797348,715.073885315651,357.536942657825,143.01477706313
"172",143,"WC","Gtarget",217.38915,217.38915,217.38915,217.38915,0,217.38915,217.38915,217.38915,217.38915,0,217.38915,217.38915,418.1005765,418.1005765,200.711442175,0,36.8024583333333,0,36.8024583333333,52309.1031527777,36.8024583333333,0,56.6926,56.6926,0,163.0418625,108.694575,54.3472875,21.738915
"173",144,"STF","Gtarget",8305.18728,8305.18728,8305.18728,8305.18728,0,8305.18728,8305.18728,8305.18728,8305.18728,0,8305.18728,8305.18728,13365.52018025,13365.52018025,5060.33325675,0,353.836665625,0,353.836665625,78211.1486848958,353.836665625,0,38.7155,38.7155,0,6228.89046,4152.59364,2076.29682,830.518728
"174",144,"UTLC","Gtarget",297.852525398937,297.852525398937,297.852525398937,297.852525398937,0,297.852525398937,297.852525398937,341.034190591874,341.034190591874,43.1816651929376,297.852525398937,297.852525398937,513.475295666035,513.475295666035,215.622770267098,0,9.0052873211048,5534.65423765519,9.0052873211048,92064.927711675,9.0052873211048,4.83511890475329,114.4678,108.933145762345,14.4976662981457,223.389394049203,148.926262699468,74.4631313497342,29.7852525398937
"175",145,"STF","Gtarget",549.08188,549.08188,549.08188,549.08188,0,549.08188,549.08188,549.08188,549.08188,0,549.08188,549.08188,844.88219,844.88219,295.80032,0,230.910990909091,0,230.910990909091,75933.330340909,230.910990909091,0,38.7155,38.7155,0,411.81141,274.54094,137.27047,54.908188
"176",145,"UTLC","Gtarget",154.009725968202,154.009725968202,154.009725968202,154.009725968202,0,154.009725968202,154.009725968202,154.280494257275,154.280494257275,0.270768289072381,154.009725968202,154.009725968202,257.383839549888,257.383839549888,103.374113581686,0,5.97750878034539,50.5789357565874,5.97750878034539,77010.0004238948,5.97750878034539,0.0441861691729791,114.4678,114.417221064243,0.175812460784642,115.507294476152,77.0048629841012,38.5024314920506,15.4009725968202
"177",145,"WC","Gtarget",159.657426,159.657426,159.657426,159.657426,0,159.657426,159.657426,159.657426,159.657426,0,159.657426,159.657426,309.0311,309.0311,149.373666,0,57.132066,0,57.132066,45864.4184,57.132066,0,56.6926,56.6926,0,119.7430695,79.828713,39.9143565,15.9657426
"178",146,"STF","Gtarget",13719.30528,13719.30528,13719.30528,13719.30528,0,13719.30528,13719.30528,13719.30528,13719.30528,0,13719.30528,13719.30528,23074.689085,23074.689085,9355.3829955,0,651.628765753425,0,651.628765753425,70776.5901575342,651.628765753425,0,38.7155,38.7155,0,10289.47896,6859.65264,3429.82632,1371.930528
"179",146,"UTLC","Gtarget",275.776907111634,275.776907111634,275.776907111634,275.776907111634,0,275.776907111634,275.776907111634,319.798349749819,319.798349749819,44.0214426381844,275.776907111634,275.776907111634,476.099855415274,476.099855415274,200.32294830364,0,8.36408778561431,4687.92369841835,8.36408778561431,87148.0766171545,8.36408778561431,4.09540822695845,114.4678,109.779876301582,15.9627008291759,206.832680333726,137.888453555817,68.9442267779085,27.5776907111634
"180",146,"WC","Gtarget",2476.87918,2476.87918,2476.87918,2476.87918,0,2476.87918,2476.87918,2489.555465,2489.555465,12.6762905,2476.87918,2476.87918,4821.26224,4821.26224,2344.383,0,115.014160416667,71.7943072916667,115.014160416667,46486.810125,115.014160416667,0.126637880943309,56.6926,56.6208056927083,0.511784773450274,1857.659385,1238.43959,619.219795,247.687918
"181",147,"STF","Gtarget",17779.3989,17779.3989,17779.3989,17779.3989,0,17779.3989,17779.3989,17789.27,17789.27,9.871046,17779.3989,17779.3989,29886.1044525,29886.1044525,12106.7052225,0,644.9692125,6.70122604166667,644.9692125,72981.6436380208,644.9692125,0.0173088970610393,38.7155,38.7087987739583,0.0555195710244175,13334.549175,8889.69945,4444.849725,1777.93989
"182",147,"UTLC","Gtarget",152.626390345873,152.626390345873,152.626390345873,152.626390345873,0,152.626390345873,152.626390345873,153.884121149251,153.884121149251,1.25773080337799,152.626390345873,152.626390345873,254.862193712131,254.862193712131,102.235803366258,0,5.93326371165297,240.460625888307,5.93326371165297,78524.1101398262,5.93326371165297,0.210068356243683,114.4678,114.227339374112,0.824058539632493,114.469792759405,76.3131951729366,38.1565975864683,15.2626390345873
"183",147,"WC","Gtarget",1701.80513,1701.80513,1701.80513,1701.80513,0,1701.80513,1701.80513,1704.1829,1704.1829,2.377774,1701.80513,1701.80513,3305.49028,3305.49028,1603.68524,0,85.1735266666667,15.6075989583333,85.1735266666667,48088.1054973958,85.1735266666667,0.0275302225657905,56.6926,56.6769924010417,0.139720697633577,1276.3538475,850.902565,425.4512825,170.180513
"184",148,"STF","Gtarget",29702.3629,29702.3629,29702.3629,29702.3629,0,29702.3629,29702.3629,30305.2124,30305.2124,602.8493517,29702.3629,29702.3629,51059.1821775,51059.1821775,21356.81853225,0,948.791291666667,474.8822146875,948.791291666667,72783.861578125,948.791291666667,1.22659455434516,38.7155,38.2406177853125,2.02963432144989,22276.772175,14851.18145,7425.590725,2970.23629
"185",148,"UTLC","Gtarget",1748.59062674592,1748.59062674592,2031.03069844042,2031.03069844042,282.440071694498,1748.59062674592,1748.59062674592,2548.69794565301,2548.69794565301,800.107318907082,1748.59062674592,1748.59062674592,3250.43921025929,3250.43921025929,1501.84858351337,2157.13538242249,27.8423598464887,18487.5423220167,27.8423598464887,111200.016191203,27.8423598464887,16.1508671626577,114.4678,95.9802576779833,45.7572691211355,1311.44297005944,874.295313372961,437.147656686481,174.859062674592
"186",148,"WC","Gtarget",3875.4277,3875.4277,3875.4277,3875.4277,0,3875.4277,3875.4277,3919.84596,3919.84596,44.4182495,3875.4277,3875.4277,7565.12394,7565.12394,3689.69597,0,161.225493645833,140.88591875,161.225493645833,48242.2741666666,161.225493645833,0.248508480383683,56.6926,56.55171408125,1.14615090097023,2906.570775,1937.71385,968.856925,387.54277
"187",149,"STF","Gtarget",28803.6485,28803.6485,28803.6485,28803.6485,0,28803.6485,28803.6485,28938.3506,28938.3506,134.7024807,28803.6485,28803.6485,49351.9331,49351.9331,20548.2848,0,940.89793125,127.63719828125,940.89793125,72604.6824010416,940.89793125,0.329679839550697,38.7155,38.5878628017187,0.467657702113675,21602.736375,14401.82425,7200.912125,2880.36485
"188",149,"UTLC","Gtarget",225.521831313233,225.521831313233,225.521831313233,225.521831313233,0,225.521831313233,225.521831313233,244.696858577018,244.696858577018,19.1750272637845,225.521831313233,225.521831313233,383.534660904207,383.534660904207,158.012829590974,0,7.54696985700278,2924.6087583421,7.54696985700278,87027.2087760394,7.54696985700278,2.55496197039001,114.4678,111.543191241658,8.50251487943615,169.141373484925,112.760915656617,56.3804578283083,22.5521831313233
"189",149,"WC","Gtarget",2063.30569,2063.30569,2063.30569,2063.30569,0,2063.30569,2063.30569,2069.0533,2069.0533,5.747606,2063.30569,2063.30569,4012.13,4012.13,1948.82432,0,99.3761921875,29.5042447916667,99.3761921875,49499.0535989583,99.3761921875,0.0520424972424385,56.6926,56.6630957552083,0.27856298888993,1547.4792675,1031.652845,515.8264225,206.330569
"190",150,"STF","Gtarget",11405.41968,11405.41968,11405.41968,11405.41968,0,11405.41968,11405.41968,11405.41968,11405.41968,0,11405.41968,11405.41968,18748.58792,18748.58792,7343.16877225,0,454.237576041667,0,454.237576041667,78212.1831276041,454.237576041667,0,38.7155,38.7155,0,8554.06476,5702.70984,2851.35492,1140.541968
"191",150,"UTLC","Gtarget",107.131189124044,107.131189124044,107.131189124044,107.131189124044,0,107.131189124044,107.131189124044,107.131189124044,107.131189124044,0,107.131189124044,107.131189124044,173.598239775881,173.598239775881,66.4670506518367,0,4.74324834410176,0,4.74324834410176,70156.1152677226,4.74324834410176,0,114.4678,114.4678,0,80.3483918430331,53.5655945620221,26.782797281011,10.7131189124044
"192",150,"WC","Gtarget",822.589186,822.589186,822.589186,822.589186,0,822.589186,822.589186,822.589186,822.589186,0,822.589186,822.589186,1590.43625,1590.43625,767.84707,0,50.6871506666667,0,50.6871506666667,50496.9167194444,50.6871506666667,0,56.6926,56.6926,0,616.9418895,411.294593,205.6472965,82.2589186
"193",151,"STF","Gtarget",2604.41193,2604.41193,2604.41193,2604.41193,0,2604.41193,2604.41193,2604.41193,2604.41193,0,2604.41193,2604.41193,4038.43390675,4038.43390675,1434.022153,0,259.155753333333,0,259.155753333333,78988.5302777778,259.155753333333,0,38.7155,38.7155,0,1953.3089475,1302.205965,651.1029825,260.441193
"194",151,"UTLC","Gtarget",13.7505066703879,13.7505066703879,13.7505066703879,13.7505066703879,0,13.7505066703879,13.7505066703879,13.7505066703879,13.7505066703879,0,13.7505066703879,13.7505066703879,21.9055732587928,21.9055732587928,8.15506658840496,0,4.02665521155939,0,4.02665521155939,62958.1152459547,4.02665521155939,0,114.4678,114.4678,0,10.3128800027909,6.87525333519394,3.43762666759697,1.37505066703879
"195",152,"STF","Gtarget",1159.33245,1159.33245,1159.33245,1159.33245,0,1159.33245,1159.33245,1160.08345,1160.08345,0.7510107,1159.33245,1159.33245,1849.297155,1849.297155,689.964835499999,0,414.936155555556,51.7421444444444,414.936155555556,88446.3031666667,414.936155555556,0.133647103729629,38.7155,38.6637578555556,0.0647795806974954,869.4993375,579.666225,289.8331125,115.933245
"196",152,"UTLC","Gtarget",239.55540600161,239.55540600161,292.649316143253,292.649316143253,53.0939101416422,239.55540600161,239.55540600161,375.923838938364,375.923838938364,136.368432936754,239.55540600161,239.55540600161,453.16112480577,453.16112480577,213.605718804159,2757.3410597917,23.5683666563808,15228.7419791648,23.5683666563808,104135.398438252,23.5683666563808,13.3039527091154,114.4678,99.2390580208352,56.9256337032264,179.666554501208,119.777703000805,59.8888515004026,23.955540600161
"197",152,"WC","Gtarget",223.49106,223.49106,223.49106,223.49106,0,223.49106,223.49106,266.521015,266.521015,43.0299652,223.49106,223.49106,402.7096395,402.7096395,179.218588,0,85.35404375,8953.24025,85.35404375,88673.4370312499,85.35404375,15.792608294557,56.6926,47.73935975,19.2535509921515,167.618295,111.74553,55.872765,22.349106
"198",153,"STF","Gtarget",101009.4183,101009.4183,101009.4183,101009.4183,0,101009.4183,101009.4183,132582.4243,132582.4243,31573.01129,101009.4183,101009.4183,182863.877725,182863.877725,81854.4640225,0,2147.10701666667,14401.7225416667,2147.10701666667,98157.2688177083,2147.10701666667,37.1988545715971,38.7155,24.3137774583333,31.2574924411776,75757.063725,50504.70915,25252.354575,10100.94183
"199",153,"UTLC","Gtarget",4950.40654358844,4950.40654358844,6541.77230529797,6541.77230529797,1591.36576170953,4950.40654358844,4950.40654358844,8214.59970278111,8214.59970278111,3264.19315919267,4950.40654358844,4950.40654358844,9448.42051959721,9448.42051959721,4498.01397600876,3998.86071656923,50.5710516337828,22169.5444097518,50.5710516337828,107038.984729521,50.5710516337828,19.3674940985603,114.4678,92.2982555902482,65.9378806659892,3712.80490769133,2475.20327179422,1237.60163589711,495.040654358844
"200",153,"WC","Gtarget",24738.43787,24738.43787,24738.43787,24738.43787,0,24738.43787,24738.43787,36459.56596,36459.56596,11721.12805,24738.43787,24738.43787,48887.6734,48887.6734,24149.23624,0,493.357294791667,17576.2209895833,493.357294791667,82594.2094322916,493.357294791667,31.0026722880646,56.6926,39.1163790104167,47.3802271250687,18553.8284025,12369.218935,6184.6094675,2473.843787
"201",154,"STF","Gtarget",121358.137,121358.137,121358.137,121358.137,0,121358.137,121358.137,161595.3278,161595.3278,40237.19432,121358.137,121358.137,220223.103675,220223.103675,98864.963425,0,2493.77590625,16271.024921875,2493.77590625,97761.9229244791,2493.77590625,42.0271594629412,38.7155,22.444475078125,33.1557449007313,91018.60275,60679.0685,30339.53425,12135.8137
"202",154,"UTLC","Gtarget",258.027126924454,258.027126924454,258.027126924454,258.027126924454,0,258.027126924454,258.027126924454,317.55628043061,317.55628043061,59.5291535061565,258.027126924454,258.027126924454,446.201737809431,446.201737809431,188.174610884977,0,6.76241629894885,9368.75597783372,6.76241629894885,96766.8687550952,6.76241629894885,8.18462133266623,114.4678,105.099044022166,23.0708895671988,193.52034519334,129.013563462227,64.5067817311134,25.8027126924454
"203",154,"WC","Gtarget",6084.21691,6084.21691,6084.21691,6084.21691,0,6084.21691,6084.21691,7913.36533,7913.36533,1829.148384,6084.21691,6084.21691,11665.7926515,11665.7926515,5581.575789,0,160.8343634375,12430.8600208333,160.8343634375,86792.0426979166,160.8343634375,21.9267770764321,56.6926,44.2617399791667,30.0638259788802,4563.1626825,3042.108455,1521.0542275,608.421691
"204",155,"STF","Gtarget",22786.9571,22786.9571,22786.9571,22786.9571,0,22786.9571,22786.9571,24141.7544,24141.7544,1354.796928,22786.9571,22786.9571,38946.5649725,38946.5649725,16159.607206,0,670.666754166667,2376.68097364583,670.666754166667,88575.0702760416,670.666754166667,6.13883579870035,38.7155,36.3388190263542,5.94549295043874,17090.217825,11393.47855,5696.739275,2278.69571
"205",155,"UTLC","Gtarget",82.6724264700011,82.6724264700011,82.6724264700011,82.6724264700011,0,82.6724264700011,82.6724264700011,87.6953768407354,87.6953768407354,5.02295037073452,82.6724264700011,82.6724264700011,135.804399187377,135.804399187377,53.1319727173761,0,4.34002828475154,2266.27905307712,4.34002828475154,87052.240578756,4.34002828475154,1.97983979169436,114.4678,112.201520946923,6.07572631554146,62.0043198525008,41.3362132350006,20.6681066175003,8.26724264700011
"206",155,"WC","Gtarget",1586.88831,1586.88831,1586.88831,1586.88831,0,1586.88831,1586.88831,1669.64486,1669.64486,82.756538542,1586.88831,1586.88831,2692.22037775,2692.22037775,1105.332005925,0,57.1292329166667,2540.80959307292,57.1292329166667,75353.7312239583,57.1292329166667,4.48173058401435,56.6926,54.1517904069271,5.21501973519485,1190.1662325,793.444155,396.7220775,158.688831
"207",156,"STF","Gtarget",18300.59099,18300.59099,18300.59099,18300.59099,0,18300.59099,18300.59099,19992.42489,19992.42489,1691.833918,18300.59099,18300.59099,30623.321815,30623.321815,12322.73138425,0,545.842551041667,1961.93818645833,545.842551041667,86484.2805052083,545.842551041667,5.06757806681648,38.7155,36.7535618135417,9.2446955342834,13725.4432425,9150.295495,4575.1477475,1830.059099
"208",156,"WC","Gtarget",437.170023,437.170023,437.170023,437.170023,0,437.170023,437.170023,437.170023,437.170023,0,437.170023,437.170023,697.41294625,697.41294625,260.24290925,0,37.1492369565217,0,37.1492369565217,68830.5591956521,37.1492369565217,0,56.6926,56.6926,0,327.87751725,218.5850115,109.29250575,43.7170023
"209",157,"STF","Gtarget",22174.18801,22174.18801,22174.18801,22174.18801,0,22174.18801,22174.18801,23663.65151,23663.65151,1489.4634308,22174.18801,22174.18801,37723.743855,37723.743855,15549.55624875,0,653.216498958333,2384.92455984375,653.216498958333,85419.7084322916,653.216498958333,6.16012852693043,38.7155,36.3305754401562,6.71710472612701,16630.6410075,11087.094005,5543.5470025,2217.418801
"210",158,"STF","Gtarget",3435.58719,3435.58719,3435.58719,3435.58719,0,3435.58719,3435.58719,3435.58719,3435.58719,0,3435.58719,3435.58719,5035.59974025,5035.59974025,1600.01257125,0,276.900984444444,0,276.900984444444,76698.7924444444,276.900984444444,0,38.7155,38.7155,0,2576.6903925,1717.793595,858.8967975,343.558719
"211",161,"UTLC","Gtarget",3470.56458341901,3470.56458341901,4449.37766591674,4449.37766591674,978.813082497726,3470.56458341901,3470.56458341901,5748.84176978776,5748.84176978776,2278.27718636874,3470.56458341901,3470.56458341901,6628.49205788654,6628.49205788654,3157.92747446752,4101.92647103167,46.3315546101332,21272.9313056193,46.3315546101332,106278.717325004,46.3315546101332,18.5842056068338,114.4678,93.1948686943807,65.6457222335943,2602.92343756426,1735.28229170951,867.641145854753,347.056458341901
"212",162,"UTLC","Gtarget",264.833455622253,264.833455622253,264.833455622253,264.833455622253,0,264.833455622253,264.833455622253,327.465392573927,327.465392573927,62.6319369516739,264.833455622253,264.833455622253,459.245943316531,459.245943316531,194.412487694278,0,6.83568613270349,8974.40765956978,6.83568613270349,93318.9479530425,6.83568613270349,7.84011543820165,114.4678,105.49339234043,23.64955621053,198.62509171669,132.416727811127,66.2083639055633,26.4833455622253
"213",163,"UTLC","Gtarget",17.7749081359257,17.7749081359257,17.7749081359257,17.7749081359257,0,17.7749081359257,17.7749081359257,18.5705036494406,18.5705036494406,0.795595513514939,17.7749081359257,17.7749081359257,29.225514593333,29.225514593333,11.4506064574074,0,4.25602164766087,1928.3825185583,4.25602164766087,85867.2633120612,4.25602164766087,1.68465063411571,114.4678,112.539417481442,4.47594725908554,13.3311811019443,8.88745406796286,4.44372703398143,1.77749081359257
"214",164,"UTLC","Gtarget",72.2615172565696,72.2615172565696,73.5793041210521,73.5793041210521,1.31778686448243,72.2615172565696,72.2615172565696,93.1413214831667,93.1413214831667,20.8798042265969,72.2615172565696,72.2615172565696,127.054405649357,127.054405649357,54.7928883927874,359.576050268703,9.22350399989579,12104.9051596012,9.22350399989579,92839.9656275022,9.22350399989579,10.5749434859421,114.4678,102.362894840399,28.8947769425622,54.1961379424272,36.1307586282848,18.0653793141424,7.22615172565697
"215",165,"UTLC","Gtarget",219.847392713263,219.847392713263,221.384325148711,221.384325148711,1.53693243544874,219.847392713263,219.847392713263,275.639704252539,275.639704252539,55.7923115392762,219.847392713263,219.847392713263,385.219622577219,385.219622577219,165.372229863957,107.306142973099,7.51348840683953,9099.94430272448,7.51348840683953,94825.3441232601,7.51348840683953,7.94978526950329,114.4678,105.367855697276,25.3777453763319,164.885544534947,109.923696356631,54.9618481783157,21.9847392713263
"216",166,"UTLC","Gtarget",107.724808319549,107.724808319549,119.424631599348,119.424631599348,11.6998232797996,107.724808319549,107.724808319549,150.701604753133,150.701604753133,42.9767964335844,107.724808319549,107.724808319549,197.9038216745,197.9038216745,90.1790133549512,2000.19177339798,12.9007184658561,15691.5221605223,12.9007184658561,101594.728017571,12.9007184658561,13.7082412351092,114.4678,98.7762778394777,39.8949852907609,80.7936062396616,53.8624041597744,26.9312020798872,10.7724808319549
"217",167,"STF","Gtarget",26218.39705,26218.39705,26218.39705,26218.39705,0,26218.39705,26218.39705,29692.65685,29692.65685,3474.259709,26218.39705,26218.39705,45981.41430325,45981.41430325,19763.0163275,0,937.4291375,5616.44764027778,937.4291375,81593.8585798611,937.4291375,14.5069743133313,38.7155,33.0990523597222,13.2512285261925,19663.7977875,13109.198525,6554.5992625,2621.839705
"218",167,"UTLC","Gtarget",10411.5276620351,10411.5276620351,14106.5886457516,14106.5886457516,3695.06098371653,10411.5276620351,10411.5276620351,17323.9892113292,17323.9892113292,6912.4615492941,10411.5276620351,10411.5276620351,19864.704618916,19864.704618916,9453.17695688085,4552.18936043009,112.681571143097,20987.3357835018,112.681571143097,97734.6471532292,112.681571143097,18.3347070385748,114.4678,93.4804642164982,66.3923851876214,7808.64574652633,5205.76383101755,2602.88191550878,1041.15276620351
"219",167,"WC","Gtarget",2074.84361,2074.84361,2074.84361,2074.84361,0,2074.84361,2074.84361,2366.26083,2366.26083,291.417210862,2074.84361,2074.84361,3695.49762375,3695.49762375,1620.6539837,0,82.0407070886076,6672.25243677215,82.0407070886076,78805.5027468354,82.0407070886076,11.7691769944793,56.6926,50.0203475632278,14.0452615058539,1556.1327075,1037.421805,518.7109025,207.484361
"220",168,"STF","Gtarget",30258.6936,30258.6936,30258.6936,30258.6936,0,30258.6936,30258.6936,33183.3904,33183.3904,2924.69716,30258.6936,30258.6936,52676.165165,52676.165165,22417.471165,0,844.036630208333,4949.5756953125,844.036630208333,86817.9888697916,844.036630208333,12.7844808805582,38.7155,33.7659243046875,9.66564253785233,22694.0202,15129.3468,7564.6734,3025.86936
"221",168,"UTLC","Gtarget",1411.1687171746,1411.1687171746,1598.86502321647,1598.86502321647,187.69630604187,1411.1687171746,1411.1687171746,2029.32077543095,2029.32077543095,618.152058256352,1411.1687171746,1411.1687171746,2616.10853450557,2616.10853450557,1204.93981733097,3512.86043838647,19.5936632000242,22583.0936494342,19.5936632000242,113013.920936322,19.5936632000242,19.7287740739616,114.4678,91.8847063505658,43.8042631425389,1058.37653788095,705.584358587299,352.79217929365,141.11687171746
"222",168,"WC","Gtarget",1666.860054,1666.860054,1666.860054,1666.860054,0,1666.860054,1666.860054,1784.173686,1784.173686,117.313625352,1666.860054,1666.860054,2847.25900575,2847.25900575,1180.398906125,0,59.1875134375,3129.9845746875,59.1875134375,75516.8139713541,59.1875134375,5.52097553241076,56.6926,53.5626154253125,7.03800088498611,1250.1450405,833.430027,416.7150135,166.6860054
"223",169,"STF","Gtarget",11670.61037,11670.61037,11670.61037,11670.61037,0,11670.61037,11670.61037,11688.81972,11688.81972,18.2093351,11670.61037,11670.61037,18450.698377,18450.698377,6780.08816375,0,396.807475,22.2584947916667,396.807475,85252.2819973958,396.807475,0.0574924637203876,38.7155,38.6932415052083,0.156027272976298,8752.9577775,5835.305185,2917.6525925,1167.061037
"224",169,"UTLC","Gtarget",425.481211852699,425.481211852699,425.481211852699,425.481211852699,0,425.481211852699,425.481211852699,552.183302373415,552.183302373415,126.702090520716,425.481211852699,425.481211852699,750.111262228269,750.111262228269,324.63005037557,0,9.35022187663087,13495.2017211202,9.35022187663087,103273.085256991,9.35022187663087,11.7895178566551,114.4678,100.97259827888,29.778539449253,319.110908889524,212.74060592635,106.370302963175,42.5481211852699
"225",169,"WC","Gtarget",127.277092,127.277092,127.277092,127.277092,0,127.277092,127.277092,127.277092,127.277092,0,127.277092,127.277092,202.699933,202.699933,75.422842475,0,35.8855321428571,0,35.8855321428571,68962.8903571428,35.8855321428571,0,56.6926,56.6926,0,95.457819,63.638546,31.819273,12.7277092
"226",170,"STF","Gtarget",1108.36325,1108.36325,1108.36325,1108.36325,0,1108.36325,1108.36325,1108.36325,1108.36325,0,1108.36325,1108.36325,1582.708332,1582.708332,474.345102,0,234.274677777778,0,234.274677777778,74628.064875,234.274677777778,0,38.7155,38.7155,0,831.2724375,554.181625,277.0908125,110.836325
"227",170,"UTLC","Gtarget",229.530282498951,229.530282498951,229.530282498951,229.530282498951,0,229.530282498951,229.530282498951,274.946711395532,274.946711395532,45.4164288965807,229.530282498951,229.530282498951,398.026200233773,398.026200233773,168.495917734823,0,6.35306092340661,8930.17862471234,6.35306092340661,97088.7552837969,6.35306092340661,7.80147659403984,114.4678,105.537621375288,19.7866827863065,172.147711874213,114.765141249476,57.3825706247378,22.9530282498951
"228",171,"STF","Gtarget",18720.92551,18720.92551,18720.92551,18720.92551,0,18720.92551,18720.92551,21872.12931,21872.12931,3151.2037065,18720.92551,18720.92551,32773.204585,32773.204585,14052.2791535,0,871.214883333333,4772.34927592593,871.214883333333,88556.8359444444,871.214883333333,12.3267148194545,38.7155,33.9431507240741,16.832520939292,14040.6941325,9360.462755,4680.2313775,1872.092551
"229",171,"UTLC","Gtarget",7539.97761487574,7539.97761487574,10257.0673849214,10257.0673849214,2717.08977004571,7539.97761487574,7539.97761487574,12703.1109001624,12703.1109001624,5163.13328528662,7539.97761487574,7539.97761487574,14446.7937050191,14446.7937050191,6906.8160901434,3792.44682865802,74.9329173966513,18048.7778979952,74.9329173966513,99503.902219365,74.9329173966513,15.7675589973732,114.4678,96.4190221020048,68.4767720676012,5654.98321115681,3769.98880743787,1884.99440371894,753.997761487574
"230",171,"WC","Gtarget",4270.40482,4270.40482,4270.40482,4270.40482,0,4270.40482,4270.40482,5816.57693,5816.57693,1546.1723028,4270.40482,4270.40482,8301.86567625,8301.86567625,4031.4610925,0,210.514651489362,13024.4298723404,210.514651489362,87409.8535319148,210.514651489362,22.9737741298519,56.6926,43.6681701276596,36.2066915894873,3202.803615,2135.20241,1067.601205,427.040482
"231",172,"STF","Gtarget",117237.7291,117237.7291,117237.7291,117237.7291,0,117237.7291,117237.7291,154977.337,154977.337,37739.6123,117237.7291,117237.7291,212472.913325,212472.913325,95235.18982,0,2454.1678125,16976.97390625,2454.1678125,100851.706054687,2454.1678125,43.8505867320582,38.7155,21.73852609375,32.1906715438077,87928.296825,58618.86455,29309.432275,11723.77291
"232",172,"UTLC","Gtarget",1243.81539655753,1243.81539655753,1399.6587478737,1399.6587478737,155.843351316171,1243.81539655753,1243.81539655753,1785.41613549962,1785.41613549962,541.600738942094,1243.81539655753,1243.81539655753,2293.52400787624,2293.52400787624,1049.70861131872,2867.73452539271,17.8688134421191,21770.4061349639,17.8688134421191,112466.274522921,17.8688134421191,19.0188036591635,114.4678,92.6973938650361,43.5434985321027,932.861547418146,621.907698278764,310.953849139382,124.381539655753
"233",172,"WC","Gtarget",17111.25615,17111.25615,17111.25615,17111.25615,0,17111.25615,17111.25615,24565.08139,24565.08139,7453.82574,17111.25615,17111.25615,33735.74179,33735.74179,16624.48597,0,365.7226625,17310.3110416667,365.7226625,89070.2305208333,365.7226625,30.5336340927505,56.6926,39.3822889583333,43.5609500241161,12833.4421125,8555.628075,4277.8140375,1711.125615
"234",173,"STF","Gtarget",55448.499,55448.499,55448.499,55448.499,0,55448.499,55448.499,67257.5733,67257.5733,11809.07488,55448.499,55448.499,98955.18116,98955.18116,43506.6798125,0,1344.05899791667,9305.843671875,1344.05899791667,94774.5175052083,1344.05899791667,24.0364806650437,38.7155,29.409656328125,21.2973752093812,41586.37425,27724.2495,13862.12475,5544.8499
"235",173,"UTLC","Gtarget",303.677701964086,303.677701964086,303.677701964086,303.677701964086,0,303.677701964086,303.677701964086,381.294122522622,381.294122522622,77.6164205585358,303.677701964086,303.677701964086,529.747963646533,529.747963646533,226.070261682447,0,7.54148346848492,11154.9034302454,7.54148346848492,100641.764935734,7.54148346848492,9.74501425749897,114.4678,103.312896569755,25.5588145117467,227.758276473065,151.838850982043,75.9194254910216,30.3677701964086
"236",173,"WC","Gtarget",2858.25136,2858.25136,2858.25136,2858.25136,0,2858.25136,2858.25136,3344.85628,3344.85628,486.6049535,2858.25136,2858.25136,5170.53794875,5170.53794875,2312.28661025,0,90.0864986458333,7729.75800520833,90.0864986458333,83785.6781666666,90.0864986458333,13.6345096277263,56.6926,48.9628419947917,17.0245682486092,2143.68852,1429.12568,714.56284,285.825136
"237",174,"STF","Gtarget",20246.776,20246.776,20246.776,20246.776,0,20246.776,20246.776,20893.3455,20893.3455,646.569358,20246.776,20246.776,34188.9701175,34188.9701175,13942.19382325,0,614.599396875,1543.07231708333,614.599396875,90794.586515625,614.599396875,3.985670641173,38.7155,37.1724276829167,3.19344352898457,15185.082,10123.388,5061.694,2024.6776
"238",174,"UTLC","Gtarget",155.422015247545,155.422015247545,155.422015247545,155.422015247545,0,155.422015247545,155.422015247545,173.209861390306,173.209861390306,17.787846142761,155.422015247545,155.422015247545,259.454071910804,259.454071910804,104.032056663259,0,4.95031526558226,4771.14288690657,4.95031526558226,90212.2045180334,4.95031526558226,4.16810918608252,114.4678,109.696657113093,11.4448690646751,116.566511435659,77.7110076237727,38.8555038118863,15.5422015247545
"239",174,"WC","Gtarget",741.013381,741.013381,741.013381,741.013381,0,741.013381,741.013381,749.642181,749.642181,8.628807172,741.013381,741.013381,1206.82256625,1206.82256625,465.809155025,0,43.28495078125,484.5345359375,43.28495078125,74354.1592226562,43.28495078125,0.854669808647866,56.6926,56.2080654640625,1.16446037187013,555.76003575,370.5066905,185.25334525,74.1013381
"240",175,"STF","Gtarget",5754.23624,5754.23624,5754.23624,5754.23624,0,5754.23624,5754.23624,5754.23624,5754.23624,0,5754.23624,5754.23624,8634.468055,8634.468055,2880.231716,0,322.647603225806,0,322.647603225806,83773.1011693548,322.647603225806,0,38.7155,38.7155,0,4315.67718,2877.11812,1438.55906,575.423624
"241",175,"UTLC","Gtarget",109.842330753127,109.842330753127,109.842330753127,109.842330753127,0,109.842330753127,109.842330753127,116.863439617447,116.863439617447,7.02110886432017,109.842330753127,109.842330753127,180.358047892487,180.358047892487,70.5157171393592,0,4.36543383873293,2363.90583732554,4.36543383873293,86778.6017123379,4.36543383873293,2.06512734351979,114.4678,112.103894162674,6.39198824003492,82.3817480648456,54.9211653765637,27.4605826882819,10.9842330753127
"242",176,"UTLC","Gtarget",150.01883178068,150.01883178068,150.01883178068,150.01883178068,0,150.01883178068,150.01883178068,179.553549990685,179.553549990685,29.5347182100053,150.01883178068,150.01883178068,257.063403619212,257.063403619212,107.044571838532,0,5.8805756427936,6438.95474034877,5.8805756427936,91235.4628939959,5.8805756427936,5.62512317031407,114.4678,108.028845259651,19.6873404888151,112.51412383551,75.00941589034,37.50470794517,15.001883178068
